診所名稱,搜尋行政區,診所類別,營業狀態,地址,電話,資料更新時間
禾伊美學診所,台中市北區,醫美,營業中,中清路一段492號營業中,04 2208 0729,2026-09-28 04:27
馨美美學診所,台中市北區,醫美,營業中,北屯路263號1-2F營業中,04 2231 2913,2026-09-28 04:27
美之姿整形外科診所,台中市北區,醫美,休息中/未營業,陝西路22號已打烊,04 2298 0388,2026-09-28 04:27
臻漾美學診所-電音波|鳳凰電波|十蓓電波|海芙音波|媚必提|超微波ONDA|雷射除毛|皮秒除斑|蜂巢雷射|肉毒除皺瘦小臉|水光注射|麗珠蘭|魔泌|外泌體|玻尿酸注射|埋線拉提|晶亮瓷|點滴注射|海菲秀|杏仁酸|增肌減脂|冷凍溶脂|舒顏萃童顏針|喬雅露,台中市北區,醫美,休息中/未營業,漢口路四段255號4樓已打烊,04 2299 1658,2026-09-28 04:27
法菈時尚診所,台中市北區,醫美,休息中/未營業,英才路390-2號已打烊,04 2329 0122,2026-09-28 04:27
氧顏美學診所,台中市北區,醫美,營業中,中清路一段167號營業中,04 2201 0228,2026-09-28 04:27
耀渼麗醫學美容診所 台中館,台中市北區,醫美,未知,臺灣大道二段340號4樓之三04 2321 1785,,2026-09-28 04:27
全臻妍美學診所,台中市北區,醫美,營業中,河北路二段2號營業中,04 2236 1067,2026-09-28 04:27
小資美學診所,台中市北區,醫美,營業中,青島路三段54號營業中,04 2235 6949,2026-09-28 04:27
現代整形外科診所,台中市北區,醫美,營業中,進化北路163號即將打烊：12:00,04 2238 7387,2026-09-28 04:27
君綺美形診所,台中市北區,醫美,營業中,文心路四段876號營業中,04 2235 7222,2026-09-28 04:27
美朵診所,台中市北區,醫美,營業中,柳川東路二段201號營業中,04 2223 9696,2026-09-28 04:27
嬌點美學診所 台中店,台中市北區,醫美,營業中,文心路四段506號營業中,04 2238 1717,2026-09-28 04:27
益菲士皮膚管理中心-中國醫店,台中市北區,醫美,營業中,404大德街7號營業中,04 2206 0086,2026-09-28 04:27
育承醫美,台中市北區,醫美,營業中,健行路594號2樓營業中,04 2207 5687,2026-09-28 04:27
仙女美學診所｜2代美國音波｜鳳凰電波｜海飛秀｜蝴蝶電波｜德國皮秒｜女神唇雕｜喬雅露｜台中醫美推薦,台中市北區,醫美,營業中,梅川西路四段153號營業中,04 2299 0882,2026-09-28 04:27
薆絲美學館｜台中北區夜間熱蠟美肌｜中國醫旁｜孕婦毛髮整理,台中市北區,醫美,營業中,育德路51號3樓營業中,0901 316 133,2026-09-28 04:27
黑傑克整形外科診所,台中市北區,醫美,營業中,崇德路二段128號3樓營業中,04 2236 8866,2026-09-28 04:27
台中佐登微爾醫美診所,台中市北區,醫美,營業中,五權路150號營業中,04 2202 5998,2026-09-28 04:27
原渥LA LUEUR未來科技美研 - 台中｜台中體雕,台中市北區,醫美,休息中/未營業,2號 忠義街已打烊,04 2311 0130,2026-09-28 04:27
精緻整形外科診所,台中市北區,醫美,未知,三民路三段217號04 2230 5052,,2026-09-28 04:27
伊希思美學 - 一中店｜醫美肌膚管理｜台中做臉｜台中清粉刺｜無痛清粉刺｜做臉推薦｜,台中市北區,醫美,未知,育才北路66號3F0919 753 657,,2026-09-28 04:27
佳儒美容,台中市北區,醫美,營業中,健行路445-1號2樓營業中,0911 889 116,2026-09-28 04:27
現代診所,台中市北區,醫美,營業中,進化北路163號即將打烊：12:00,04 2232 4807,2026-09-28 04:27
愛爾麗診所 台中崇德店｜台中醫美|麗珠蘭|皮秒雷射|音波拉提|無刀眼袋|體雕|玻尿酸|鳳凰電波|索夫波Sofwave|魔滴|肉毒|肉毒除皺|微整形|醫美推薦,台中市北區,醫美,營業中,崇德路一段586號營業中,04 2234 0777,2026-09-28 04:27
潘朵拉美學整形外科診所/削骨/隆乳/雙眼皮/眼袋,台中市北區,醫美,休息中/未營業,進化北路349號已打烊,04 2202 8000,2026-09-28 04:27
HPA極緻美學,台中市北區,美學,營業中,中清路一段100號12號樓之5營業中,,2026-09-28 04:27
Sy術研藝術美學｜北區美甲｜一中美睫｜專業紋繡教學｜,台中市北區,美學,休息中/未營業,三民路三段217號4F之1已打烊,,2026-09-28 04:27
蓓朵美學北區店PDBAcademy,台中市北區,美學,營業中,崇德路一段156-8號11樓營業中,,2026-09-28 04:27
顏續美學－台中美睫｜霧眉｜睫毛管理｜孕婦除毛｜教學推薦｜近北區科博館,台中市北區,美學,營業中,民權路576號營業中,,2026-09-28 04:27
裔善美學STUDIO,台中市北區,美學,營業中,中清路一段138號4樓營業中,,2026-09-28 04:27
甯萌美學,台中市北區,美學,未知,健行路566號,,2026-09-28 04:27
BELLEZZA 半永久全臉定妝美學,台中市北區,美學,營業中,梅亭街303號營業中,,2026-09-28 04:27
四月美學,台中市北區,美學,營業中,錦平北街13巷8號2樓營業中,,2026-09-28 04:27
艾霓美學 Evelyn Beauty｜台中北區,台中市北區,美學,營業中,文祥街5號1樓營業中,,2026-09-28 04:27
［馨。美學］工作室,台中市北區,美學,營業中,梅川西路三段65號8樓營業中,,2026-09-28 04:27
禾漾美學SPA,台中市北區,美學,營業中,青島一街29號營業中,,2026-09-28 04:27
瑪琪美學spa工作室,台中市北區,美學,營業中,學士路292巷2弄3號營業中,,2026-09-28 04:27
珐黛兒-蓓朵美學北區店,台中市北區,美學,營業中,崇德路一段156-8號11 樓營業中,,2026-09-28 04:27
M.two美學,台中市北區,美學,營業中,雙十路二段53號營業中,,2026-09-28 04:27
IJ美學美容,台中市北區,美學,營業中,學士路292巷29號營業中,,2026-09-28 04:27
蒔雨美學SHI YU｜肌膚管理 背部管理 美體舒壓 體態雕塑｜台中北區做臉,台中市北區,美學,營業中,育強街76號營業中,,2026-09-28 04:27
IRIS’ 美學,台中市北區,美學,營業中,成功路421號營業中,,2026-09-28 04:27
初見美學,台中市北區,美學,營業中,華富街40號營業中,,2026-09-28 04:27
Q_Peng美學,台中市北區,美學,營業中,益華街99-1號營業中,,2026-09-28 04:27
萃美學Cui Beauty Studio 益民店 男女臉部保養 基礎班教學（益民商圈二樓）,台中市北區,美學,未知,一中街162-25號2樓即將開始營業,,2026-09-28 04:27
格子美學工作室,台中市北區,美學,營業中,學士路308巷4號1樓營業中,,2026-09-28 04:27
沐雲美學中心,台中市北區,美學,未知,漢口路三段152號,,2026-09-28 04:27
亮美學 beauty,台中市北區,美學,營業中,中清路一段19號營業中,,2026-09-28 04:27
KT BEAUTY 皮膚管理｜台中美業共享空間｜,台中市北區,肌膚管理,營業中,梅亭街303號營業中,,2026-09-28 04:27
氧膚舍-韓式皮膚管理霧眉美學館Youngforsee（預約制）,台中市北區,肌膚管理,營業中,三民路三段217號6樓之17營業中,,2026-09-28 04:27
肌祕渼舍 AMAZ｜礦物精華電解水 皮膚管理｜無針水光｜水飛梭｜台中一中店,台中市北區,肌膚管理,營業中,育才街8-2號2F營業中,,2026-09-28 04:27
赫朵肌膚美學空間-北區崇德店,台中市北區,肌膚管理,營業中,漢口路四段318巷35號營業中,,2026-09-28 04:27
沐夏,台中市北區,肌膚管理,休息中/未營業,美德街248號已打烊,,2026-09-28 04:27
莎氏美顏所,台中市北區,肌膚管理,營業中,學士路178巷7號營業中,,2026-09-28 04:27
煥顏所huan_yan_studio/台中霧眉/皮膚保養/采耳,台中市北區,肌膚管理,營業中,中清路一段89號18F68室營業中,,2026-09-28 04:27
顏拾柒美學,台中市北區,肌膚管理,營業中,大義街117號營業中,,2026-09-28 04:27
Her.mi 皮膚管理,台中市北區,肌膚管理,營業中,育才街6巷15號2樓營業中,,2026-09-28 04:27
葉美麗肌膚管理,台中市北區,肌膚管理,休息中/未營業,忠太西路87號已打烊,,2026-09-28 04:27
幸星美學｜皮膚管理｜霧眉｜角蛋白（預約制）,台中市北區,肌膚管理,營業中,一中街150號2樓營業中,,2026-09-28 04:27
奇諾美皮膚管理GENOME,台中市北區,肌膚管理,營業中,梅川東路四段52號營業中,,2026-09-28 04:27
伊希思美學 - 育德店,台中市北區,肌膚管理,營業中,育德路54號營業中,,2026-09-28 04:27
伊媛皮膚管理 vianne - 台中做臉｜清粉刺｜水飛梭,台中市北區,肌膚管理,營業中,博館二街47號營業中,,2026-09-28 04:27
金采指油壓SPA美學館|北區spa按摩推薦|推薦清粉刺|臉部肌膚保養護理|首選精油按摩|口碑舒壓按摩|專業精油舒壓按摩|藻針|臉部撥筋|液態皮秒|北區美背,台中市北區,肌膚管理,營業中,錦南街40-2號營業中,,2026-09-28 04:27
寵璦美蹟-台中育樂店 | 洗臉/洗臉保養/科技護膚/泡泡洗臉/淨膚專家/深層清潔,台中市北區,肌膚管理,營業中,育祥街22號營業中,,2026-09-28 04:27
pola beauty spa（日本POLA化妝品專賣店）#台中北區#POLA森林系#肌膚保養#舒眠頭部舒壓#型體精油#紋繡#科博館美容# ️採預約制#歡迎預約諮詢#BA抗醣化保養品#擊速煥白淡斑,台中市北區,肌膚管理,營業中,博館東街10巷17號營業中,,2026-09-28 04:27
BELLE VUE．貝莉芙專業肌膚管理,台中市北區,肌膚管理,營業中,篤行路227號1樓營業中,,2026-09-28 04:27
Dermabell 韓國德瑪貝爾台灣總部,台中市北區,肌膚管理,營業中,進化北路392-2號4樓之2營業中,,2026-09-28 04:27
摸摸臉Momoface皮膚管理,台中市北區,肌膚管理,未知,忠太東路126號2F,,2026-09-28 04:27
皮膚,台中市北區,肌膚管理,營業中,綏遠路二段192-1號營業中,,2026-09-28 04:27
李元丕皮膚科診所,台中市北區,皮膚科,營業中,進化北路378之3號即將打烊：12:00,04 2233 3800,2026-09-28 04:27
林皮膚科診所,台中市北區,皮膚科,營業中,中清路一段77號即將打烊：12:00,04 2202 4045,2026-09-28 04:27
賴啟賢皮膚科診所,台中市北區,皮膚科,營業中,進化路636號即將打烊：12:00,04 2231 1993,2026-09-28 04:27
蓮華皮膚科診所 ‧ 抗痘 ‧ 除斑 ‧ 外泌體,台中市北區,皮膚科,營業中,崇德路一段639號即將打烊：12:00,04 2236 8634,2026-09-28 04:27
許百睿皮膚科診所,台中市北區,皮膚科,休息中/未營業,中清路一段538號已打烊,04 2297 1010,2026-09-28 04:27
真心皮膚科診所,台中市北區,皮膚科,休息中/未營業,忠明路167號已打烊,04 2208 6606,2026-09-28 04:27
洪亮皮膚科診所-醫美 皮膚科 推薦 專業 音波拉提 雷射除斑 清粉刺 除痘疤 青春痘治療 微整形 臉部埋線 玻尿酸,台中市北區,皮膚科,營業中,民權路533號即將打烊：12:00,04 2206 1560,2026-09-28 04:27
舒頤診所∣皮膚∣過敏∣疼痛∣自律神經失調∣減重∣生髮,台中市北區,皮膚科,營業中,英才路110號即將打烊：12:30,04 2206 9023,2026-09-28 04:27
鄭吉發皮膚科(林皮膚科駐診),台中市北區,皮膚科,休息中/未營業,中清路一段77號東興市場對面. 土地銀行隔壁已打烊,04 2202 4045,2026-09-28 04:27
廖朝瑜皮膚科診所-北屯皮膚診所|皮膚科推薦|醫學美容|音波拉提|青春痘治療|安心醫美|微整推薦|皮秒雷射,台中市北區,皮膚科,營業中,崇德路三段131號即將打烊：12:00,04 2422 6889,2026-09-28 04:27
白佳昇皮膚科診所,台中市北區,皮膚科,營業中,北屯路198-6號即將打烊：11:50,04 2234 6239,2026-09-28 04:27
翔恩診所,台中市北區,皮膚科,休息中/未營業,五權路277號已打烊,04 2206 6186,2026-09-28 04:27
黃千銘皮膚科診所,台中市北區,皮膚科,營業中,大連路二段279號即將打烊：12:00,04 2242 9231,2026-09-28 04:27
廖年昌皮膚科診所,台中市北區,皮膚科,營業中,文心路三段1031號即將打烊：12:00,04 2292 8893,2026-09-28 04:27
施朝仁皮膚科診所,台中市北區,皮膚科,營業中,漢口路二段24號即將打烊：12:00,04 2311 3888,2026-09-28 04:27
鍾政瑾皮膚科葉俊麟內科診所,台中市北區,皮膚科,營業中,崇德二路一段142-2號即將打烊：12:00,04 2246 7890,2026-09-28 04:27
豐裕皮膚科診所,台中市北區,皮膚科,營業中,崇德十二路167號即將打烊：12:00,04 2243 1167,2026-09-28 04:27
GLOBELADY格柏蕾蒂高端皮膚管理｜W台中北區店,台中市北區,皮膚科,營業中,太原南二街43號營業中,0982 218 346,2026-09-28 04:27
杏倫皮膚科診所,台中市北區,皮膚科,營業中,向上路一段42號即將打烊：12:00,04 2301 9098,2026-09-28 04:27
王義輝皮膚科診所,台中市北區,皮膚科,休息中/未營業,中清路二段355號已打烊,04 2296 5052,2026-09-28 04:27
家家診所 | 耳鼻喉 | 皮膚 | 腸胃 | 小兒科 | (感冒 過敏 氣喘 腸胃炎 皮膚疾病 診所 ),台中市北區,皮膚科,休息中/未營業,三民路三段291巷24號已打烊,04 2233 3333,2026-09-28 04:27
大唐診所,台中市北區,皮膚科,休息中/未營業,崇德路二段135號之1號已打烊,04 2249 1802,2026-09-28 04:27
清榮診所,台中市北區,皮膚科,營業中,臺灣大道一段643號即將打烊：12:00,04 2229 4279,2026-09-28 04:27
吳及時皮膚科診所 ｜1726 戰痘雷射｜一定要預約｜ line id: @skindrwu,台中市北區,皮膚科,休息中/未營業,金山路18-3號2樓已打烊,04 2372 0434,2026-09-28 04:27
佳膚診所,台中市北區,皮膚科,未知,五權路207之1號,,2026-09-28 04:27
鼎好聯合診所（現場掛號，無電話預約）,台中市北區,皮膚科,營業中,軍功路一段511號即將打烊：12:00,04 2437 8437,2026-09-28 04:27
高嘉君 保漾皮膚科診所（現場掛號，初診請帶雙證件）,台中市北區,皮膚科,營業中,台中路31號即將打烊：12:00,04 2223 1123,2026-09-28 04:27
文心極緻皮膚科診所,台中市北區,皮膚科,營業中,文心路二段562號即將打烊：12:00,04 2310 9070,2026-09-28 04:27
陳冠宇皮膚科診所,台中市北區,皮膚科,營業中,青海路二段242-13號即將打烊：12:00,04 2707 0383,2026-09-28 04:27
劉永森整形外科診所,台中市北區,整形外科,營業中,學士路83號4樓營業中,04 2208 3306,2026-09-28 04:27
賴炳文整形外科診所,台中市北區,整形外科,營業中,北平路一段79號營業中,04 2293 6000,2026-09-28 04:27
錦田整形外科診所,台中市北區,整形外科,休息中/未營業,進化路661號已打烊,04 2237 6602,2026-09-28 04:27
凡登整形外科診所 - 台中店,台中市北區,整形外科,營業中,"臺灣大道二段403號1樓,2樓營業中",04 2323 8858,2026-09-28 04:27
菲仕美整形外科診所,台中市北區,整形外科,營業中,臺灣大道二段307號7樓營業中,04 2319 8800,2026-09-28 04:27
采妍整形外科診所,台中市北區,整形外科,營業中,民權路322號營業中,080 088 6228,2026-09-28 04:27
聖宜診所(台中館),台中市北區,整形外科,營業中,英才路512號營業中,04 2305 2588,2026-09-28 04:27
浩康診所,台中市北區,整形外科,休息中/未營業,英才路258號已打烊,04 2207 3888,2026-09-28 04:27
采醫沛麗整形外科診所｜抽脂｜隆乳｜雙眼皮｜整形外科專科,台中市北區,整形外科,營業中,文心路四段880號營業中,04 2234 1167,2026-09-28 04:27
格嘉整形外科診所,台中市北區,整形外科,營業中,東興路三段272號2樓營業中,04 2328 0652,2026-09-28 04:27
蔡國陞外科診所,台中市北區,整形外科,營業中,臺灣大道一段642號營業中,04 2225 5262,2026-09-28 04:27
崇義整形外科診所,台中市北區,整形外科,營業中,三民路一段170號營業中,04 2227 6377,2026-09-28 04:27
米秝琪整形外科診所,台中市北區,整形外科,營業中,向上路一段107號營業中,04 2301 5808,2026-09-28 04:27
北極星整形外科診所,台中市北區,整形外科,未知,立文街一號即將開始營業,04 2393 5000,2026-09-28 04:27
美加醫美診所北屯旗艦店-台中減脂專家/眼袋手術/醫學美容/微整形/整形外科,台中市北區,整形外科,未知,山西路三段138號即將開始營業,04 2422 3686,2026-09-28 04:27
周爾康整形外科診所-體態雕塑 抽脂 五官整形 隆乳 平胸 男性女乳 私密美型,台中市北區,整形外科,營業中,大隆路185號3樓營業中,04 2323 3666,2026-09-28 04:27
紐約台中整形外科診所,台中市北區,整形外科,營業中,文心路二段566-5號3樓之1營業中,04 2320 3000,2026-09-28 04:27
台中群英整形外科診所（勤美綠園道 . 全台連鎖醫美診所）,台中市北區,整形外科,營業中,中興街183號11樓營業中,04 2302 9880,2026-09-28 04:27
君綺診所,台中市北區,整形外科,營業中,中興街183號10 樓營業中,04 2302 1333,2026-09-28 04:27
台中教主醫美整形外科 削骨 隆乳 自體脂肪隆乳 隆鼻 墊下巴 Vaser威塑 顯微套管抽脂 眼袋手術 平胸 私密處整形 微整形,台中市北區,整形外科,營業中,大隆路168號2F營業中,04 2322 2210,2026-09-28 04:27
洪清一診所,台中市北區,整形外科,營業中,中清路一段179號即將打烊：12:00,04 2205 9339,2026-09-28 04:27
歐美整形外科診所,台中市北區,整形外科,營業中,弘孝路13號即將打烊：12:30,04 2702 0000,2026-09-28 04:27
中國醫藥大學附設醫院美容醫學中心,台中市北區,整形外科,營業中,育德路2號即將打烊：12:00,,2026-09-28 04:27
陳紹良整形外科診所|台中眼袋|消除眼袋|眼皮下垂|預約制,台中市北區,整形外科,休息中/未營業,中興街183號5樓之二已打烊,04 2301 6301,2026-09-28 04:27
祥祐診所,台中市北區,診所,營業中,三民路三段348號即將打烊：12:00,04 2231 5688,2026-09-28 04:27
吳志中診所,台中市北區,診所,營業中,健行路510號即將打烊：12:00,04 2205 9412,2026-09-28 04:27
天行健診所︱復健科、家醫科、兒童早療、內科、駕駛人體檢,台中市北區,診所,營業中,健行路321號營業中,04 2235 2112,2026-09-28 04:27
展弘耳鼻喉科診所,台中市北區,診所,營業中,漢口路四段322號即將打烊：12:00,04 2230 7388,2026-09-28 04:27
呂錦泉李益光聯合診所,台中市北區,診所,營業中,崇德路一段119號即將打烊：12:00,04 2233 4393,2026-09-28 04:27
詠康耳鼻喉科診所,台中市北區,診所,營業中,學士路二段312號即將打烊：12:00,04 2235 2015,2026-09-28 04:27
仟順診所,台中市北區,診所,營業中,崇德路一段502號即將打烊：12:00,04 2238 6322,2026-09-28 04:27
崇德大允診所♛邢志宇耳鼻喉科醫師團隊【台中北屯北區耳鼻喉科小兒科推薦】週日看診|耳鼻喉科|小兒科|三高慢性病|鼻塞|過敏|氣喘|腸胃|喉嚨卡卡|流感|HPV疫苗|帶狀皰疹|腸病毒疫苗|肺鏈疫苗|猛健樂,台中市北區,診所,營業中,崇德路一段536號即將打烊：12:00,04 2231 0501,2026-09-28 04:27
如熊耳鼻喉科診所,台中市北區,診所,營業中,北屯路28號營業中,04 2234 5578,2026-09-28 04:27
衛道耳鼻喉科診所,台中市北區,診所,營業中,進化北路378之7號即將打烊：12:00,04 2230 7389,2026-09-28 04:27
台中家幼診所,台中市北區,診所,營業中,進化北路96號即將打烊：12:00,04 2231 5588,2026-09-28 04:27
仕進診所,台中市北區,診所,營業中,中清路一段462號即將打烊：12:10,04 2208 0105,2026-09-28 04:27
英才耳鼻喉科診所,台中市北區,診所,營業中,英才路296號即將打烊：12:00,04 2203 6753,2026-09-28 04:27
慈仁診所,台中市北區,診所,營業中,五權路488之8號7樓即將打烊：11:55,04 2205 7398,2026-09-28 04:27
幼祥中西醫聯合診所,台中市北區,診所,營業中,崇德路一段531號即將打烊：12:00,04 2232 8500,2026-09-28 04:27
鄭俊智診所,台中市北區,診所,營業中,漢口路四段50號即將打烊：12:00,04 2295 7083,2026-09-28 04:27
文冠內科診所,台中市北區,診所,營業中,"5 255號, 學士路營業中",04 2208 0199,2026-09-28 04:27
施俊哲診所,台中市北區,診所,營業中,忠明路510號即將打烊：12:00,04 2206 7148,2026-09-28 04:27
誠心診所 北屯院區,台中市北區,診所,營業中,北屯路222號即將打烊：12:00,04 2233 5220,2026-09-28 04:27
德化耳鼻喉科診所,台中市北區,診所,休息中/未營業,北屯路73巷5號已打烊,04 2233 1286,2026-09-28 04:27
紀外科泌尿科診所,台中市北區,診所,營業中,梅亭街479號即將打烊：12:00,04 2205 0357,2026-09-28 04:27
秦華強骨科診所,台中市北區,診所,營業中,興進路127號即將打烊：12:00,04 2360 0906,2026-09-28 04:27
台中北區專業洗腎/腎臟科 慶華診所,台中市北區,診所,營業中,進化北路392號之3營業中,04 2237 5522,2026-09-28 04:27
維新診所-台中泌尿專科診所、性傳染病專家醫師,台中市北區,泌尿科,營業中,五權路247號即將打烊：11:50,04 2206 0501,2026-09-28 04:27
昭安泌尿科診所｜台中泌尿專科,台中市北區,泌尿科,營業中,博館二街98號即將打烊：12:00,04 2321 2520,2026-09-28 04:27
曾浩翔,台中市北區,泌尿科,未知,育德路2號24 小時營業,,2026-09-28 04:27
博威泌尿診所,台中市北區,泌尿科,休息中/未營業,山西路二段326號已打烊,04 2291 6708,2026-09-28 04:27
曾慶華外科泌尿科診所,台中市北區,泌尿科,休息中/未營業,中清路二段318號已打烊,04 2293 3398,2026-09-28 04:27
佑達泌尿科診所 (西屯水湳院所) | 停車便利 | 舒適看診體驗 | 微創包皮 | 微創快速結紮 | 男性私密整型 | 性功能保養 | 男性更年期抗老,台中市北區,泌尿科,營業中,順平路145號即將打烊：12:00,04 2299 3622,2026-09-28 04:27
佑達泌尿科診所 (北屯院所) | 停車便利 | 舒適看診體驗 | 微創包皮 | 微創快速結紮 | 男性私密整型 | 性功能保養 | 男性更年期抗老,台中市北區,泌尿科,休息中/未營業,軍福十九路456號已打烊,04 2436 2582,2026-09-28 04:27
台中西屯顧家泌尿科診所：包皮結紮、男女泌尿、性病檢查、性功能保養、痔瘡直腸科,台中市北區,泌尿科,休息中/未營業,大隆路185號已打烊,04 2310 8588,2026-09-28 04:27
輝達泌尿科診所,台中市北區,泌尿科,休息中/未營業,敦化路一段608號已打烊,04 2426 9968,2026-09-28 04:27
尼斯診所 台中分院,台中市北區,泌尿科,營業中,大和路31號營業中,04 2305 6200,2026-09-28 04:27
佑達泌尿科診所 (台中文心) | 停車便利 | 舒適看診體驗 | 微創包皮 | 微創快速結紮 | 男性私密整型 | 性功能保養 | 男性更年期抗老,台中市北區,泌尿科,營業中,惠文路527號即將打烊：12:00,04 2380 2393,2026-09-28 04:27
懿安泌尿科診所 - 澄清 林新 醫院聯合 - 台中泌尿科推薦、包皮手術、結紮推薦、性功能障礙、攝護腺肥大、菜花HPV疫苗、性病篩檢、低能量震波、男女小兒泌尿,台中市北區,泌尿科,休息中/未營業,大隆路102號已打烊,04 2327 5977,2026-09-28 04:27
信賴泌尿科專科診所,台中市北區,泌尿科,休息中/未營業,黎明路三段103號已打烊,04 2452 9898,2026-09-28 04:27
耀隆腎臟內科診所-附設糖尿病照護中心-動磁波(漏尿、頻尿、尿失禁)、猛健樂(體重控制)、腎臟病、三高慢性病、泌尿道感染、血尿、痛風、靜脈雷射。,台中市北區,泌尿科,營業中,陝西路27-1號北區即將打烊：12:00,04 2293 5200,2026-09-28 04:27
杏和診所,台中市北區,泌尿科,未知,梅亭街276號04 2205 7628,,2026-09-28 04:27
瑞和泌尿科診所,台中市北區,泌尿科,營業中,大墩南路435號即將打烊：12:00,04 2471 3000,2026-09-28 04:27
台中泌尿科 張英傑醫師｜野馬波｜攝護腺水蒸氣消融/鈦合金拉開術｜私密增粗｜玻尿酸注射｜睪固酮提升,台中市北區,泌尿科,營業中,敦化路一段608號營業中,04 2426 9968,2026-09-28 04:27
尚美泌尿科診所,台中市北區,泌尿科,休息中/未營業,大墩二街112號已打烊,04 2472 6200,2026-09-28 04:27
愛立康外科/泌尿科診所Urology/Surgery｜尿路感染｜包皮手術・結紮評估｜男性泌尿專科 性功能治療｜台中推薦,台中市北區,泌尿科,休息中/未營業,松竹路二段665號已打烊,04 2241 2066,2026-09-28 04:27
樂揚泌尿專科診所-東區泌尿科推薦|口碑泌尿醫師|泌尿道感染|推薦割包皮|男生無切口結紮|性病治療|性功能強化|新式膠圈釘包皮,台中市東區,泌尿科,休息中/未營業,"號 No, No. 7台中路已打烊",0983 729 329,2026-09-28 04:27
綠洲診所｜皮膚 泌尿｜微創粉瘤 脂肪瘤｜雷射包皮 微創結紮 性功能 除疣｜除痣 青春痘 皮膚暗沉 過敏 外傷 感染｜皮膚科泌尿科 推薦,台中市北區,泌尿科,休息中/未營業,后庄北路16號已打烊,04 2426 0990,2026-09-28 04:27
安昱泌尿科診所-台中泌尿科推薦/性功能保養/低能量震波/男性更年期保養/雷射包皮/微創結紮/男女私密處整形/性病/攝護腺問題/男女小兒泌尿問題,台中市北區,泌尿科,營業中,公益路二段360號即將打烊：12:00,04 2258 0726,2026-09-28 04:27
春元診所,台中市北區,泌尿科,營業中,大墩六街48號即將打烊：12:00,04 2472 5666,2026-09-28 04:27
臺安醫院 雙十分院,台中市北區,泌尿科,營業中,雙十路二段29號營業中,04 2226 8990,2026-09-28 04:27
全威診所,台中市北區,泌尿科,營業中,力行路45號即將打烊：12:00,04 2360 6146,2026-09-28 04:27
王介山骨科外科診所,台中市北區,骨科,營業中,進化路548號1樓即將打烊：12:00,04 2233 9399,2026-09-28 04:27
學仕中西醫聯合門診,台中市北區,骨科,營業中,學士路280號即將打烊：12:00,04 2235 3188,2026-09-28 04:27
上禾骨科診所,台中市北區,骨科,營業中,忠明路240號即將打烊：12:00,04 2208 6511,2026-09-28 04:27
博恩骨科診所,台中市北區,骨科,休息中/未營業,中清路一段1號已打烊,04 2206 3087,2026-09-28 04:27
王友杰骨科診所,台中市北區,骨科,休息中/未營業,北屯路439-13號1號已打烊,04 2246 6646,2026-09-28 04:27
臻行骨科診所,台中市北區,骨科,營業中,南興路896號即將打烊：12:00,04 2436 4575,2026-09-28 04:27
雲健骨科診所,台中市北區,骨科,休息中/未營業,梅川西路四段290號已打烊,04 2298 2908,2026-09-28 04:27
康瑞復健科診所(即日起遷移到雙十路一段16號二樓、自來水公司旁邊),台中市北區,骨科,休息中/未營業,雙十路一段16號2 樓已打烊,04 3707 0066,2026-09-28 04:27
郭大添骨科診所（看診時間詳備註）,台中市北區,骨科,營業中,景賢路210號即將打烊：12:00,04 2437 6288,2026-09-28 04:27
台中北區-恆新復健科診所 [健保/骨科復健/徒手/震波/增生PRP/兒童早療/中風三高失眠靜脈雷射/減重猛健樂/生長板骨齡評估/性功能障礙震波 ],台中市北區,骨科,休息中/未營業,忠明路432號B1已打烊,04 2201 8686,2026-09-28 04:27
惠好復健科診所,台中市北區,骨科,休息中/未營業,中清路一段450號已打烊,04 2208 1328,2026-09-28 04:27
蕭永明骨科診所,台中市北區,骨科,營業中,中清路二段497號即將打烊：12:00,04 2295 6575,2026-09-28 04:27
康明診所（痠痛復健，兒童早療）,台中市北區,骨科,營業中,五權路232號5樓即將打烊：12:30,04 2202 7000,2026-09-28 04:27
聯新國際聯合診所,台中市北區,骨科,營業中,雙十路一段16號2樓即將打烊：12:30,04 3707 0066,2026-09-28 04:27
漢口育禾復健科診所 Healing Rehabilitation Clinic(骨科復健/神經復健/兒童早療)數位X光/超音波/德國Dornier震波/玻尿酸/PLT®凍晶療法/高濃度血小板血漿PRP/HA-PRP/增生療法/精準徒手,台中市北區,骨科,休息中/未營業,漢口路四段367號1-2樓已打烊,04 2236 0382,2026-09-28 04:27
光仁骨外科診所,台中市北區,骨科,營業中,北屯路385號即將打烊：12:00,04 2234 1479,2026-09-28 04:27
凱旋復健科診所 - 骨科復健/物理治療/兒童復健/早療/語言治療/職能治療/PRP 增生/PLT生長凍晶/徒手治療/體外震波/肌肉骨骼超音波/超磁場治療,台中市北區,骨科,休息中/未營業,北屯路149號和151號已打烊,04 2233 1093,2026-09-28 04:27
佑立診所Revive Clinic—疼痛及復健雙專科 (FIPP&CIPS認證)：骨科復健｜神經復健｜增生療法&PRP｜PLT凍晶｜BMAC萃取｜Amniofix羊膜｜Sportvis｜椎間盤注射｜高頻熱凝｜徒手治療｜AI結構評估｜震波｜磁波,台中市北區,骨科,營業中,文心路三段1027號營業中,04 2293 9066,2026-09-28 04:27
蔡依樽骨科診所,台中市北區,骨科,營業中,軍功路一段639號即將打烊：12:00,04 2436 6561,2026-09-28 04:27
陳振輝骨科診所,台中市北區,骨科,營業中,大容西街61號即將打烊：12:00,04 2310 6555,2026-09-28 04:27
蔡崇仁家庭醫學科診所,台中市北區,骨科,營業中,健行路528號即將打烊：12:00,04 2205 1368,2026-09-28 04:27
骨力診所,台中市北區,骨科,營業中,一心街403號3樓即將打烊：12:00,04 2213 0225,2026-09-28 04:27
中國醫藥大學附設醫院復健醫療大樓,台中市北區,骨科,營業中,學士路91號即將打烊：12:00,04 2205 2121,2026-09-28 04:27
定國骨科醫院,台中市北區,骨科,營業中,經貿三路二段125號即將打烊：12:00,04 2426 3555,2026-09-28 04:27
葉慧娜婦產科診所,台中市北區,婦產科,營業中,三民路三段330號即將打烊：11:50,04 2238 4500,2026-09-28 04:27
傅婦產科診所,台中市北區,婦產科,營業中,五權路327號即將打烊：12:00,04 2206 2033,2026-09-28 04:27
賴婦產科診所,台中市北區,婦產科,營業中,三民路三段41號即將打烊：12:00,04 2227 0871,2026-09-28 04:27
孕兒診所,台中市北區,婦產科,休息中/未營業,"育德路58號台灣 No, No. 58一樓已打烊",04 2202 2358,2026-09-28 04:27
正馨婦產科診所,台中市北區,婦產科,營業中,中清路一段820號即將打烊：12:00,04 2293 3899,2026-09-28 04:27
陳憲章婦產科診所,台中市北區,婦產科,營業中,中清路一段219號即將打烊：12:00,04 2205 4022,2026-09-28 04:27
新馬偕婦產科診所,台中市北區,婦產科,營業中,漢口路四段320號即將打烊：12:00,04 2237 3822,2026-09-28 04:27
許明正婦產科診所,台中市北區,婦產科,營業中,文心路四段750號即將打烊：12:00,04 2237 9191,2026-09-28 04:27
黃迎凱婦產科診所,台中市北區,婦產科,營業中,光復路56號即將打烊：12:00,04 2223 8388,2026-09-28 04:27
新亞東婦產科醫院,台中市北區,婦產科,營業中,中清路一段403號即將打烊：12:00,04 2207 5779,2026-09-28 04:27
忠明婦產科診所,台中市北區,婦產科,未知,中華路二段205號,,2026-09-28 04:27
臻嬡婦產科診所,台中市北區,婦產科,營業中,崇德路二段340號即將打烊：12:00,04 2247 8996,2026-09-28 04:27
茂盛醫院婦產科及小兒科,台中市北區,婦產科,營業中,昌平路一段30-6號即將打烊：12:00,04 2234 7057,2026-09-28 04:27
《丁鴻志婦產科診所》HPV九價疫苗 | 台中婦產科推薦 | Line預約 | Ting's OB-GYN Clinic,台中市北區,婦產科,休息中/未營業,臺灣大道二段181號3樓已打烊,04 2320 7082,2026-09-28 04:27
涵恩婦產科診所(台中北屯院區),台中市北區,婦產科,休息中/未營業,長順街1號已打烊,04 2436 7935,2026-09-28 04:27
張素瑜婦產科診所,台中市北區,婦產科,營業中,大連路二段226號即將打烊：12:00,04 2242 0201,2026-09-28 04:27
緻齡婦產科診所-台中女醫師團隊,台中市北區,婦產科,休息中/未營業,大墩路781、783號已打烊,04 2328 2358,2026-09-28 04:27
安笙婦產科診所呂醫師,台中市北區,婦產科,營業中,西屯路二段82號即將打烊：12:00,04 2314 6240,2026-09-28 04:27
台中安心婦產科診所,台中市北區,婦產科,休息中/未營業,文心路四段937號已打烊,04 2243 7541,2026-09-28 04:27
恩生婦產科診所,台中市北區,婦產科,營業中,北屯路258之1之1號即將打烊：12:00,04 2243 9903,2026-09-28 04:27
健民婦產科診所,台中市北區,婦產科,營業中,美村路一段279號即將打烊：12:00,04 2301 6079,2026-09-28 04:27
美馥兒婦產科診所,台中市北區,婦產科,營業中,樹孝路259號2樓即將打烊：12:00,04 2392 9266,2026-09-28 04:27
王守典婦產科外科診所,台中市北區,婦產科,營業中,中山路360號即將打烊：12:00,04 2220 1042,2026-09-28 04:27
水湳婦產科診所,台中市北區,婦產科,營業中,中清路二段121號即將打烊：11:50,,2026-09-28 04:27
劉可毅婦產科診所,台中市北區,婦產科,營業中,十甲路414號即將打烊：12:00,04 2213 0058,2026-09-28 04:27
陳盛全婦產科診所,台中市北區,婦產科,休息中/未營業,中華路一段132號已打烊,04 2227 6486,2026-09-28 04:27
許金吉婦產科診所,台中市北區,婦產科,營業中,繼光街155號即將打烊：12:00,04 2220 1100,2026-09-28 04:27
謝耀元婦產科診所,台中市北區,婦產科,營業中,台中路12號即將打烊：12:00,04 2221 2023,2026-09-28 04:27
陳茂庭外婦科診所,台中市北區,婦產科,營業中,昌平路一段86號即將打烊：12:00,04 2235 2233,2026-09-28 04:27
敏生婦產科診所,台中市北區,婦產科,營業中,櫻花路116號即將打烊：12:00,04 2311 2829,2026-09-28 04:27
育民外婦產科診所,台中市北區,婦產科,營業中,台中路73號即將打烊：12:00,04 2229 0505,2026-09-28 04:27
中國醫藥大學附設醫院台中東區分院附設產後護理之家,台中市東區,婦產科,未知,自由路三段296號11F24 小時營業,04 2215 5351,2026-09-28 04:27
也果美學診所 丨Z音波丨Q+音波丨十倍電波丨海神除毛丨皮秒蜂巢丨三倍光丨埋線丨肉毒丨玻尿酸丨童妍針丨薇貝拉丨喬亞露丨喬亞登 猛健樂,台中市北區,醫學美容,休息中/未營業,健行路371號已打烊,04 2235 2190,2026-09-28 04:27
諾妍美容醫學診所,台中市北區,醫學美容,休息中/未營業,三民路三段205號2F已打烊,04 3700 7507,2026-09-28 04:27
愛麗思時尚診所丨Z音波丨玩美電波丨玻尿酸丨海神除毛丨皮秒雷射丨客製唇雕丨喬雅露丨台中醫美推薦,台中市北區,醫學美容,未知,瀋陽路三段107號即將開始營業,04 2243 6668,2026-09-28 04:27
靖彩研美妍館 台中/北屯/北區/美睫/無創去眉/醫學美容保養品～問題肌膚重建/課程教學培訓,台中市北區,醫學美容,營業中,柳陽東街88號1樓營業中,0980 220 248,2026-09-28 04:27
多采多姿美學Spa,台中市北區,醫學美容,營業中,崇德路一段71號營業中,0923 795 288,2026-09-28 04:27
中國醫藥大學附設醫院,台中市北區,醫學美容,營業中,育德路2號營業中,04 2205 2121,2026-09-28 04:27
中國醫藥大學附設醫院美德醫療大樓,台中市北區,醫學美容,營業中,美德街166號即將打烊：12:00,04 2205 2121,2026-09-28 04:27
台中市北區,台中市北區,醫學美容,營業中,美德街235號營業中,0981 829 966,2026-09-28 04:27
Queen7 Beauty hair salon 台中紋繡 霧眉 紋唇 | 北區染髮 漂染 護髮 | 美德除毛 采耳 耳燭 | 美甲 美睫教學 | 皮膚 美體SPA,台中市北區,美容,營業中,美德街280號營業中,,2026-09-28 04:27
斯朵利美妍SPA(台中健行館),台中市北區,美容,營業中,健行路464號2樓營業中,,2026-09-28 04:27
𝗠𝗡𝟭𝟯,台中市北區,美容,未知,柳川西路四段65號1樓即將開始營業,,2026-09-28 04:27
Lena Beauty Gallery,台中市北區,美容,營業中,華中街49號營業中,,2026-09-28 04:27
香柏時尚美學館,台中市北區,美容,營業中,五權路500巷6弄15號營業中,,2026-09-28 04:27
妍悅SPA美學館,台中市北區,美容,營業中,學士路184號營業中,,2026-09-28 04:27
米雅精油SPA,台中市北區,美容,營業中,五順街129號營業中,,2026-09-28 04:27
NU spa北區美容 美甲 美睫 光固美睫日式小顏定位術 推脂術 除毛 專業問題皮膚 紋繡 小v臉,台中市北區,美容,營業中,榮華街81號營業中,,2026-09-28 04:27
融SPA美容工作坊,台中市北區,美容,營業中,崇德路一段133巷12號營業中,,2026-09-28 04:27
Janus美學 精油按摩spa | 韓式皮膚管理｜除毛｜耳燭｜,台中市北區,美容,營業中,綏遠路二段61號營業中,,2026-09-28 04:27
仕女軒美容美體SPA,台中市北區,美容,營業中,學士路298號2樓營業中,,2026-09-28 04:27
台中臉部保養-克麗緹娜-北區店(美容、做臉),台中市北區,美容,營業中,綏遠路一段1-6號營業中,,2026-09-28 04:27
奧黛.麗 美甲 女子按摩,台中市北區,美容,營業中,衛道路210號營業中,,2026-09-28 04:27
茉兒美學SPA (益民商圈),台中市北區,美容,營業中,錦新街32號1樓營業中,,2026-09-28 04:27
YN皮膚管理美學中心,台中市北區,皮膚管理,休息中/未營業,育才南街11號已打烊,,2026-09-28 04:27
肌遇皮膚管理,台中市北區,皮膚管理,營業中,文昌東五街43號營業中,,2026-09-28 04:27
Rosy柔皙無瑕修膚美學家/台中市北區/西屯區/北屯區/南屯區/南區/妊娠紋/肥胖紋/生長紋/皮膚管理/黑眼圈/疤痕/傷疤/色素暗沈/法式永膚/近高鐵/近捷運/皮膚遮瑕/妊娠紋修復/醫美妊娠紋/醫美肥胖紋/醫美除疤,台中市北區,皮膚管理,營業中,陝西二街21號營業中,,2026-09-28 04:27
Mandy韓式皮膚管理,台中市北區,皮膚管理,營業中,天祥街192號2樓營業中,,2026-09-28 04:27
Luluface嚕嚕臉 皮膚管理中心｜台中一中店,台中市北區,皮膚管理,未知,雙十路二段3號,,2026-09-28 04:27
渡若日式皮膚管理,台中市北區,皮膚管理,營業中,智惠街31號3樓營業中,,2026-09-28 04:27
CYJ伊啵예뻐 皮膚管理 台中站前店,台中市北區,皮膚管理,營業中,臺灣大道一段195號3樓營業中,,2026-09-28 04:27
台中輕美容美學皮膚管理,台中市北區,皮膚管理,營業中,自由路四段323號營業中,,2026-09-28 04:27
拾隅皮膚管理,台中市北區,皮膚管理,營業中,東山路一段238巷25弄38號營業中,,2026-09-28 04:27
RTeyelash｜台中北區｜皮膚管理｜韓式無痛淨膚煥顏｜睫毛管理,台中市北區,皮膚管理,未知,中清路一段89號15樓即將開始營業,,2026-09-28 04:27
萊可美學中心LIKE PILATES&SPA,台中市西區,醫美,營業中,168號 大隆路營業中,04 2310 5185,2026-09-28 04:27
美加醫美診所台中分院-台中眼袋手術/醫學美容/微整形/整型外科,台中市西區,醫美,未知,向上路一段345號即將開始營業,04 2472 7890,2026-09-28 04:27
台中法喬診所,台中市西區,醫美,營業中,美村路一段22號7樓之1營業中,04 2328 0770,2026-09-28 04:27
誠美學診所：一站式整形醫美植髮減重,台中市西區,醫美,營業中,臺灣大道二段239號5樓營業中,04 2321 2111,2026-09-28 04:27
萊佳形象美學診所-台中店,台中市西區,醫美,營業中,臺灣大道二段297號營業中,04 2329 7989,2026-09-28 04:27
【靚世紀醫美診所-台中向上總院】雷射除毛/皮秒雷射/音波拉皮/曼陀隆乳/玻尿酸微整形,台中市西區,醫美,休息中/未營業,向上路一段112號已打烊,04 2302 2266,2026-09-28 04:27
風格美學診所-隆乳隆鼻專門 motiva 魔滴隆乳,台中市西區,醫美,營業中,民權路231號營業中,04 2305 1567,2026-09-28 04:27
台中佳醫美人診所,台中市西區,醫美,營業中,"4F, No. 461號臺灣大道二段營業中",04 2326 7315,2026-09-28 04:27
悠美診所 台中分院,台中市西區,醫美,營業中,五權西四街130號1樓營業中,04 2378 3552,2026-09-28 04:27
極光美學診所-台中,台中市西區,醫美,營業中,向上南路一段160號營業中,04 2473 2968,2026-09-28 04:27
采醫馥麗診所｜抽脂｜隆乳｜雙眼皮｜整形外科專科,台中市西區,醫美,營業中,向上路一段19號營業中,04 2305 9598,2026-09-28 04:27
元晨診所(台中勤美) 海菲秀(水飛梭)｜Capri藍雷射｜皇后電波｜miraDry清新微波｜Z音波｜G動椅｜INDIBA英特波｜SEYO無針水光｜WIHPRO甜甜圈導入｜Picoway皮秒雷射 ｜玻尿酸注射｜肉毒除皺、瘦小臉｜男性結紮手術｜,台中市西區,醫美,休息中/未營業,臺灣大道二段375號10樓已打烊,04 2326 0711,2026-09-28 04:27
台中韓娜斯時尚美學診所（大墩二館）-台中整型｜台中隆乳｜台中抽脂｜台中血液淨化｜台中鑽石水光 | 台中育髮｜肝斑淡斑 | 電音波拉皮 | 亞歷山大除毛 | 痘疤 | 微整形 | 醫美 | 醫美推薦,台中市西區,醫美,營業中,大墩路917-7號營業中,04 2320 1302,2026-09-28 04:27
台中樂菲時尚診所(已遷址至大隆店),台中市西區,醫美,營業中,大隆路35號營業中,04 2328 0877,2026-09-28 04:27
喬米美學診所,台中市西區,醫美,營業中,模範街3-1號1樓營業中,04 2301 1181,2026-09-28 04:27
【緻己美學診所】,台中市西區,醫美,營業中,向上路一段109號營業中,04 2301 1119,2026-09-28 04:27
首爾美學診所,台中市西區,醫美,營業中,府會園道179號5樓營業中,04 2251 5779,2026-09-28 04:27
原美學診所 勤美分院,台中市西區,美學,未知,臺灣大道二段239-１號1樓即將開始營業,04 2321 2025,2026-09-28 04:27
康倪美學診所,台中市西區,美學,營業中,美村路一段30號長春街上二樓營業中,04 3700 5050,2026-09-28 04:27
漢娜美學研究室｜台中西區熱蠟｜熱蠟教學｜私密靚白保養｜乳房復位｜腹部緊實｜美睫稼接｜,台中市西區,美學,營業中,日興街98號6樓營業中,0906 383 825,2026-09-28 04:27
璞予美學診所hanayu,台中市西區,美學,營業中,東興路三段156號營業中,04 2320 6078,2026-09-28 04:27
IM BEAUTY 美學｜台中霧眉,台中市西區,美學,營業中,民權路233巷5號營業中,,2026-09-28 04:27
梵希美學診所,台中市西區,美學,休息中/未營業,臺灣大道一段79號已打烊,04 2229 9178,2026-09-28 04:27
奧菈時尚美學診所,台中市西區,美學,休息中/未營業,臺灣大道二段548號已打烊,,2026-09-28 04:27
唯美美學空間,台中市西區,美學,營業中,中興街40號營業中,04 2301 5881,2026-09-28 04:27
簡美學SPA/台中按摩/精油SPA/體態雕塑/深層經絡放鬆,台中市西區,美學,營業中,昇平街145巷15號營業中,0979 697 147,2026-09-28 04:27
君綺美學診所,台中市西區,美學,未知,中興街183號9樓04 2302 1333,,2026-09-28 04:27
昕羽美學,台中市西區,美學,營業中,模範街35之1號營業中,0916 270 669,2026-09-28 04:27
菈菲美學專科｜霧眉 La Fée Ombre Brows,台中市西區,美學,未知,民權路229巷30號,,2026-09-28 04:27
菲兒美學學院,台中市西區,美學,營業中,向上市場巷20號營業中,04 2305 0321,2026-09-28 04:27
熱咔沐光美學ESTUDIO｜台中西區熱蠟除毛、美甲,台中市西區,美學,營業中,土庫里美村路一段576巷15號營業中,,2026-09-28 04:27
樂米美學 日式美肌淨毛｜私密處除毛 ｜無痛除毛｜冰肌除毛｜女性專屬工作室|官方line:@181yoawg,台中市西區,美學,營業中,模範街24巷10號營業中,,2026-09-28 04:27
絲安美學皮膚管理,台中市西區,美學,未知,臺灣大道二段285號,,2026-09-28 04:27
Sharon雪倫美學/西區按摩/臉部撥筋/頭部按摩/精油SPA/耳燭按摩/美胸按摩/泌乳照護/熱蠟美肌,台中市西區,美學,營業中,模範街24巷10號右手邊第一間營業中,,2026-09-28 04:27
慕光美學｜台中西區霧眉霧唇專科,台中市西區,美學,未知,五權西路一段75號3樓,,2026-09-28 04:27
真禾藝術美學｜萊森男士眉｜台中霧眉｜飄眉｜男士眉專門,台中市西區,美學,營業中,臺灣大道二段300號B室B棟7樓營業中,0983 362 612,2026-09-28 04:27
Ohana美學∞ 丨美睫嫁接丨精緻霧眉丨睫毛管理丨無創除色丨課程教學丨,台中市西區,美學,營業中,"號 No, No. 98日興街營業中",0980 396 420,2026-09-28 04:27
Klisha克麗夏美學空間,台中市西區,美學,營業中,華美西街一段65號營業中,0908 278 360,2026-09-28 04:27
美學NEC No.1,台中市西區,美學,未知,五權路2之號192 巷 2 號,,2026-09-28 04:27
靚靜美學,台中市西區,美學,營業中,日興街90號營業中,0977 226 901,2026-09-28 04:27
BABYFACE SKINCARE,台中市西區,肌膚管理,營業中,均安街119號營業中,,2026-09-28 04:27
慢式肌膚管理研究室｜Slower台中店,台中市西區,肌膚管理,營業中,精誠路50巷7號營業中,,2026-09-28 04:27
夏沐妍(台中西區店),台中市西區,肌膚管理,休息中/未營業,美村路一段102巷4號已打烊,,2026-09-28 04:27
茉菲粉刺達人,台中市西區,肌膚管理,營業中,美村路一段366號營業中,,2026-09-28 04:27
習朵 Skin & Scalp Care｜肌膚管理・頭皮養護專門店,台中市西區,肌膚管理,營業中,美村路一段117巷13號營業中,,2026-09-28 04:27
SIAO SIANG 驤美學｜肌膚管理,台中市西區,肌膚管理,營業中,民族路279號4樓營業中,,2026-09-28 04:27
Beauty Skin 護膚綠洲｜美髮,台中市西區,肌膚管理,營業中,民權路49號營業中,,2026-09-28 04:27
米內兒肌膚管理,台中市西區,肌膚管理,營業中,三民路一段172-2號2樓營業中,,2026-09-28 04:27
Face to face美麗日記．勤美店,台中市西區,肌膚管理,休息中/未營業,向上北路105巷2-1號已打烊,,2026-09-28 04:27
RURE DEAR美學,台中市西區,肌膚管理,營業中,精誠一街4號2樓營業中,,2026-09-28 04:27
赫朵肌膚美學空間-西區博館店,台中市西區,肌膚管理,營業中,博館路256號營業中,,2026-09-28 04:27
唯完美肌膚管理,台中市西區,肌膚管理,營業中,中美街379巷5-1號2樓營業中,,2026-09-28 04:27
Medicare美科肌膚管理,台中市西區,肌膚管理,營業中,何厝街92號營業中,,2026-09-28 04:27
Twenty Beauty 貳蒔美學,台中市西區,肌膚管理,營業中,民權路213巷1號營業中,,2026-09-28 04:27
Jolie Femme 法瑪艾美 技研中心,台中市西區,肌膚管理,營業中,公益路161號5號樓之F營業中,,2026-09-28 04:27
玥皙舒顏館,台中市西區,肌膚管理,休息中/未營業,大墩七街162號已打烊,,2026-09-28 04:27
Lu's Studio /台中熱蠟除毛推薦/台中皮膚管理推薦/女性除毛專門/台中無痛除毛/台中私密處除毛/腋下除毛,台中市西區,肌膚管理,營業中,日興街98號營業中,,2026-09-28 04:27
無聲美容,台中市西區,肌膚管理,營業中,忠明南路181號營業中,,2026-09-28 04:27
吳孟澤皮膚科診所,台中市西區,皮膚科,營業中,五權西四街47號即將打烊：12:00,04 2375 9268,2026-09-28 04:27
賴憲宏皮膚科診所,台中市西區,皮膚科,休息中/未營業,向上路一段279號已打烊,04 2302 7868,2026-09-28 04:27
廣澤皮膚科診所,台中市西區,皮膚科,營業中,向上路一段392號即將打烊：12:00,04 2328 5578,2026-09-28 04:27
廖錫勳皮膚科診所,台中市西區,皮膚科,休息中/未營業,公益路361號已打烊,04 2327 0198,2026-09-28 04:27
建州皮膚科診所,台中市西區,皮膚科,營業中,美村路一段658號即將打烊：12:00,04 2378 0088,2026-09-28 04:27
鄒幼君皮膚科診所,台中市西區,皮膚科,營業中,公益路226號即將打烊：12:00,04 2322 4418,2026-09-28 04:27
樂恩診所,台中市西區,皮膚科,休息中/未營業,五權路29-8號已打烊,04 2222 1256,2026-09-28 04:27
台全 皮膚科 骨科 診所(一般皮膚疾病、醫學美容、骨科復健、預防醫學),台中市西區,皮膚科,營業中,三民路一段166號即將打烊：12:00,04 2227 6000,2026-09-28 04:27
優德診所,台中市西區,皮膚科,休息中/未營業,自立街41號已打烊,04 2371 5505,2026-09-28 04:27
陳皮膚科診所,台中市西區,皮膚科,營業中,臺灣大道一段542號即將打烊：12:00,04 2225 2067,2026-09-28 04:27
風華時尚診所,台中市西區,皮膚科,休息中/未營業,臺灣大道二段105號1樓已打烊,04 2301 5577,2026-09-28 04:27
台中國際皮膚科,台中市西區,皮膚科,營業中,臺灣大道二段403號1樓營業中,04 2323 8858,2026-09-28 04:27
羅棋守皮膚科診所（全皮膚專科醫師團隊）,台中市西區,皮膚科,營業中,文心路三段530號即將打烊：12:00,04 2312 7772,2026-09-28 04:27
莫亞皮膚科診所,台中市西區,皮膚科,營業中,臺灣大道二段738號即將打烊：12:00,04 2314 3016,2026-09-28 04:27
家妍診所,台中市西區,皮膚科,營業中,美村路一段65號即將打烊：12:00,04 2328 2888,2026-09-28 04:27
陳德憲診所,台中市西區,皮膚科,營業中,模範街3巷9之1號即將打烊：12:00,04 2302 7033,2026-09-28 04:27
梁棟榮診所,台中市西區,皮膚科,營業中,五權路70號即將打烊：12:00,04 2203 5086,2026-09-28 04:27
光采整形外科診所,台中市西區,整形外科,營業中,美村路一段585號營業中,04 2378 7338,2026-09-28 04:27
台中整形外科診所-傑尼斯台中分院-抽脂體雕/外泌體/Profhilo逆時針/威塑抽脂/超能電漿Z拉皮/LSSA音浪脂雕/偏頭痛手術/繆思女神波隆乳/台中醫美診所推薦,台中市西區,整形外科,營業中,大墩十一街321號營業中,04 2251 9666,2026-09-28 04:27
時尚假期診所,台中市西區,整形外科,休息中/未營業,臺灣大道二段103號已打烊,04 2327 2977,2026-09-28 04:27
Uclinic 優越整形外科診所,台中市西區,整形外科,營業中,大進街551號號 B1營業中,04 2310 8059,2026-09-28 04:27
佳思優整形醫美診所｜台中分院,台中市西區,整形外科,營業中,公益路二段1號1、2樓營業中,080 006 0111,2026-09-28 04:27
新聖整形外科診所｜隆乳｜雙眼皮｜眼袋｜拉皮｜體雕｜腹部拉皮｜女性私密處美型｜隆鼻,台中市西區,整形外科,營業中,文心路二段201號二樓營業中,04 2255 0124,2026-09-28 04:27
廖建勝整形外科診所,台中市西區,整形外科,營業中,台灣大道二段833巷33號營業中,04 2320 5670,2026-09-28 04:27
陳正和耳鼻喉科診所,台中市西區,診所,營業中,向上路一段226號即將打烊：12:00,04 2301 2729,2026-09-28 04:27
國源診所,台中市西區,診所,營業中,臺灣大道二段130號即將打烊：12:00,04 2203 7945,2026-09-28 04:27
周家齊診所,台中市西區,診所,營業中,向上路一段508號即將打烊：12:00,04 2326 6611,2026-09-28 04:27
大雄診所,台中市西區,診所,營業中,美村路一段591號即將打烊：12:00,04 2375 1212,2026-09-28 04:27
忠誠診所,台中市西區,診所,休息中/未營業,忠誠街70-2號1樓已打烊,04 2320 8383,2026-09-28 04:27
曜廷診所,台中市西區,診所,營業中,向上北路166號即將打烊：12:00,04 2301 2428,2026-09-28 04:27
佳福診所-台中西區血液透析中心/腎臟科,台中市西區,診所,營業中,民權路300號營業中,04 2301 1195,2026-09-28 04:27
張輝營診所,台中市西區,診所,營業中,西屯路一段112號即將打烊：12:00,04 2202 1718,2026-09-28 04:27
璽妃名媛診所,台中市西區,診所,營業中,民權路234號營業中,04 2206 2006,2026-09-28 04:27
劉增安診所,台中市西區,診所,營業中,向上路一段188號即將打烊：12:30,04 2302 1750,2026-09-28 04:27
曙光小兒科診所,台中市西區,診所,營業中,五權西三街81號1樓即將打烊：12:00,04 2375 8822,2026-09-28 04:27
人人診所,台中市西區,診所,休息中/未營業,林森路239號已打烊,04 2373 1208,2026-09-28 04:27
劉彥山診所,台中市西區,診所,營業中,向上路一段361號即將打烊：12:00,04 2472 6518,2026-09-28 04:27
陳敏龍耳鼻喉科診所,台中市西區,診所,營業中,精誠二十二街44號即將打烊：12:00,04 2325 8339,2026-09-28 04:27
台中初日診所,台中市西區,診所,休息中/未營業,英才路530號41F已打烊,02 2507 5983,2026-09-28 04:27
吳岱治耳鼻喉科診所,台中市西區,診所,營業中,成功路479號即將打烊：12:00,04 2202 7323,2026-09-28 04:27
達康診所,台中市西區,診所,營業中,英才路509號即將打烊：11:50,04 2302 0899,2026-09-28 04:27
曾憲彰耳鼻喉科診所,台中市西區,診所,營業中,五權西路一段275號即將打烊：12:00,04 2378 6066,2026-09-28 04:27
劉義昇診所,台中市西區,診所,營業中,公益路238號即將打烊：12:00,04 2310 1477,2026-09-28 04:27
RE:GEN 長春藤台中預防醫學中心 | 篤信診所,台中市西區,診所,營業中,臺灣大道二段68號4樓營業中,04 2319 2118,2026-09-28 04:27
吳東洀小兒科診所,台中市西區,診所,營業中,美村路一段362號即將打烊：12:00,04 2302 9672,2026-09-28 04:27
優點診所,台中市西區,診所,休息中/未營業,昇平里美村路一段342號已打烊,04 2301 6006,2026-09-28 04:27
華恩外科診所,台中市西區,診所,未知,臺灣大道二段186號04 2320 1119,,2026-09-28 04:27
RE:GEN 長春藤台中預防醫學中心 | 綠園診所,台中市西區,診所,營業中,臺灣大道二段68號3樓營業中,04 2326 9066,2026-09-28 04:27
京鑫泌尿科診所/外科診所/逢甲泌尿科/西屯泌尿科/無刀口結紮/微創包皮手術/舒眠手術/注射治療/男女泌尿道感染/解尿不適/結石/攝護腺肥大/性病友善/性功能障礙診斷及治療/外傷處置/皮膚腫瘤微創手術/Xitun urology /感冒,台中市西區,泌尿科,營業中,青海路二段242之30號營業中,04 2452 0077,2026-09-28 04:27
博威泌尿診所(台中）性功能 雷射包皮 微創結紮 性病 攝護腺 男女小兒泌尿問題,台中市西區,泌尿科,休息中/未營業,福林路405號已打烊,04 2463 0868,2026-09-28 04:27
福瑞診所-台中泌尿科｜外科｜泌尿疾病｜攝護腺肥大｜性病診療｜慢性病治療｜術前術後營養調理｜體重控制運動營養,台中市西區,泌尿科,休息中/未營業,福泰東路51 號已打烊,04 2463 7728,2026-09-28 04:27
沐澄診所(醫美診所),台中市西區,泌尿科,營業中,大墩十一街109號營業中,04 2320 0101,2026-09-28 04:27
雋霖泌尿科診所(台中泌尿科推薦/新式包皮手術/男性微創結紮手術/攝護腺肥大治療/低能量體外震波/性功能障礙/性病篩檢治療/子宮頸癌及帶狀疱疹疫苗注射/外傷傷口照護),台中市西區,泌尿科,營業中,福科路702號1樓之5即將打烊：12:00,04 2461 1188,2026-09-28 04:27
家健聯合診所（雋霖泌尿科、*週日、國定假日輕急症中心UCC*）,台中市西區,泌尿科,營業中,福科路702號1樓(部分)、2樓即將打烊：12:00,04 2461 1188,2026-09-28 04:27
中美偕診所,台中市西區,泌尿科,營業中,中美街145號即將打烊：12:00,04 2301 4008,2026-09-28 04:27
芳生診所,台中市西區,泌尿科,營業中,美村路一段642號營業中,04 2375 1550,2026-09-28 04:27
鍾愛診所,台中市西區,泌尿科,未知,原子街59號,,2026-09-28 04:27
陳神洲診所,台中市西區,泌尿科,營業中,美村路一段626號即將打烊：12:00,04 2372 2761,2026-09-28 04:27
沁安診所,台中市西區,泌尿科,營業中,健行路1049號8樓之2營業中,04 2323 0918,2026-09-28 04:27
向安診所,台中市西區,泌尿科,營業中,忠明南路303號1樓即將打烊：12:00,04 2302 6182,2026-09-28 04:27
陳家驊骨科診所,台中市西區,骨科,營業中,東興路三段136號即將打烊：12:00,04 2310 8085,2026-09-28 04:27
詹外科診所,台中市西區,骨科,休息中/未營業,民權路231號已打烊,04 2301 1955,2026-09-28 04:27
蔡文仁診所,台中市西區,骨科,營業中,"2之1號, No. 2之1號五權路即將打烊：12:00",04 2220 1623,2026-09-28 04:27
孫開來骨科外科診所,台中市西區,骨科,休息中/未營業,精誠路126-8號1F已打烊,04 2327 0193,2026-09-28 04:27
陳文喬骨科診所,台中市西區,骨科,休息中/未營業,大墩十八街106號已打烊,04 2328 2468,2026-09-28 04:27
台中台全聯合診所,台中市西區,骨科,營業中,三民路一段166號即將打烊：12:00,04 2227 6000,2026-09-28 04:27
永昇骨科診所,台中市西區,骨科,休息中/未營業,學府路198號已打烊,04 2223 0877,2026-09-28 04:27
林原瑩骨科診所,台中市西區,骨科,營業中,青海路一段120號即將打烊：12:00,04 2317 9790,2026-09-28 04:27
賴文鐘診所,台中市西區,骨科,營業中,民族路263號即將打烊：12:00,04 2201 5600,2026-09-28 04:27
台中巴黎國際長春診所,台中市西區,骨科,休息中/未營業,忠明南路122號已打烊,04 2322 6118,2026-09-28 04:27
王壽山骨科診所,台中市西區,骨科,營業中,五權西路二段432號即將打烊：12:00,04 2381 0989,2026-09-28 04:27
賴愈凱婦產科診所,台中市西區,婦產科,營業中,柳川東路二段149號即將打烊：12:00,04 2375 4637,2026-09-28 04:27
雙喜婦產科,台中市西區,婦產科,營業中,向上路一段270-1號即將打烊：12:00,04 2301 9667,2026-09-28 04:27
蔡嘉恩外婦產科診所,台中市西區,婦產科,休息中/未營業,日新街80號已打烊,04 2201 6422,2026-09-28 04:27
廖長州婦產科診所,台中市西區,婦產科,營業中,向上路一段40之1號即將打烊：12:00,04 2302 2525,2026-09-28 04:27
劉忠俊婦產科診所/專看不孕症、試管嬰兒、人工受孕、凍卵、捐卵（未看婦科相關疾病）,台中市西區,婦產科,營業中,"6樓 No, No. 375號, 臺灣大道二段民龍里即將打烊：12:00",04 2328 8558,2026-09-28 04:27
林孟賢婦產科診所,台中市西區,婦產科,未知,民生路145之4號,,2026-09-28 04:27
施英富婦產科診所,台中市西區,婦產科,營業中,東興路三段230號即將打烊：12:00,04 2329 3176,2026-09-28 04:27
廖瓊玲婦產科診所,台中市西區,婦產科,營業中,向上路一段291號即將打烊：12:00,04 2301 1617,2026-09-28 04:27
陳世杰診所,台中市西區,婦產科,營業中,中美街155號即將打烊：12:00,04 2305 8331,2026-09-28 04:27
維倩婦產科診所,台中市西區,婦產科,營業中,東興路二段90號即將打烊：12:00,04 2472 3520,2026-09-28 04:27
三泰婦產科內兒科聯合診所SanTai Clinic,台中市西區,婦產科,休息中/未營業,向上路一段268號一樓已打烊,04 2301 5377,2026-09-28 04:27
新彗婦產科診所,台中市西區,婦產科,休息中/未營業,華美西街二段195號已打烊,04 2316 9451,2026-09-28 04:27
新奇美診所,台中市西區,婦產科,營業中,忠明路1號即將打烊：12:00,04 2311 9885,2026-09-28 04:27
廖述達婦產科,台中市西區,婦產科,營業中,西屯路二段32之9巷9號即將打烊：12:00,04 2314 7805,2026-09-28 04:27
婦欣診所,台中市西區,婦產科,營業中,西屯路二段101-5號即將打烊：11:59,04 2313 0558,2026-09-28 04:27
葉祥禎婦產科,台中市西區,婦產科,未知,五權路,,2026-09-28 04:27
丁鴻志婦產科診所電話關懷中心,台中市西區,婦產科,未知,台中市西區,070 1018 0189,2026-09-28 04:27
張帆婦產科診所,台中市西區,婦產科,營業中,臺灣大道三段566號即將打烊：12:00,04 2451 3833,2026-09-28 04:27
晶緻玥禾診所台中,台中市西區,醫學美容,營業中,向上南路一段211號營業中,04 2473 0605,2026-09-28 04:27
東京小野-台中醫美診所推薦,台中市西區,醫學美容,未知,民龍里文化街156號即將開始營業,04 2206 7116,2026-09-28 04:27
【靚采美學診所】美療室 均無監視器 好安心 | 女院長 蝴蝶電波 取得原廠認證 | 海神/真空 雙機除毛 | 美國原裝 蜂巢皮秒 | 海芙音波 | G緊雷射 | 玩美電波 | 肉毒玻尿酸 | 一人一室 隱私佳 | 停車場 | 台中醫美推薦,台中市西區,醫學美容,營業中,公益路387號營業中,04 2320 8366,2026-09-28 04:27
佳立診所,台中市西區,醫學美容,營業中,大墩十八街83號營業中,04 2707 5288,2026-09-28 04:27
美型植髮診所,台中市西區,醫學美容,營業中,文心路二段562號2樓營業中,080 000 0440,2026-09-28 04:27
薇閣新美學,台中市西區,美容,營業中,民權路314巷9號4樓營業中,,2026-09-28 04:27
悠然美學BlueSPA｜台中按摩｜做臉｜芳療｜撥筋｜耳燭｜刮痧｜SPA首選｜完全預約制,台中市西區,美容,營業中,民權路213巷5-1號3樓營業中,,2026-09-28 04:27
羅麗芬美容美體 - 台中店,台中市西區,美容,營業中,精誠路233號營業中,,2026-09-28 04:27
芮薇荷夢幻森林spa 台中店,台中市西區,美容,營業中,明義街51號營業中,,2026-09-28 04:27
柚芙_美容美體spa,台中市西區,美容,營業中,五廊街55號營業中,,2026-09-28 04:27
絲容華美學館,台中市西區,美容,營業中,東興路三段52號營業中,,2026-09-28 04:27
臉霸,台中市西區,美容,營業中,五權路2-205號營業中,,2026-09-28 04:27
金俐原萃,台中市西區,美容,營業中,美村路一段254號4F營業中,,2026-09-28 04:27
佐登妮絲專業SPA_台中向上店,台中市西區,美容,營業中,向上路一段54號營業中,,2026-09-28 04:27
萱宜小舖美容美體 台中清粉刺｜痘痘｜做臉｜撥筋｜美容｜臉部護膚｜保濕亮白｜敏感｜保養（預約制）,台中市西區,美容,休息中/未營業,美村路一段686號 號 号 2 楼已打烊,,2026-09-28 04:27
瑄顏時尚館台中清粉刺x台中痘痘x台中敏感x台中美容x台中保養x台中做臉x台中黑眼圈x台中男生保養x台中男生做臉,台中市西區,美容,休息中/未營業,均安街105號已打烊,,2026-09-28 04:27
膚希韓式皮膚管理中心,台中市西區,皮膚管理,營業中,大墩十四街238-1號營業中,,2026-09-28 04:27
李魚Liyu｜做臉 皮膚管理 霧眉（採預約制）,台中市西區,皮膚管理,未知,"3樓, No. 3號華美街32巷",,2026-09-28 04:27
JC喬琳/JC肌膚管理中心,台中市西區,皮膚管理,營業中,大正街6號6樓營業中,,2026-09-28 04:27
蕾語韓式輕奢皮膚管理,台中市西區,皮膚管理,營業中,中美街335號營業中,,2026-09-28 04:27
GINSKIN肌因所 韓國皮膚管理台中店,台中市西區,皮膚管理,營業中,臺灣大道三段292號1樓營業中,,2026-09-28 04:27
Ré Lab 皮膚管理｜韓式皮膚管理與教學 | 手工清粉刺｜,台中市西區,皮膚管理,營業中,中美街375-3號營業中,,2026-09-28 04:27
flashing beauty 雪｜美容｜做臉｜保養｜清粉刺｜皮膚管理｜抗老｜教學,台中市西區,皮膚管理,營業中,臺灣大道二段239號13樓營業中,,2026-09-28 04:27
依植美 SPA｜皮膚管理 美學中心,台中市西區,皮膚管理,營業中,大隆路78號營業中,,2026-09-28 04:27
睫識美學概念事務所-台中睫毛推薦/皮膚管理/台中熱蠟/西區睫毛/台中做臉/台中護膚,台中市西區,皮膚管理,營業中,臺灣大道二段285號20F 2027室營業中,,2026-09-28 04:27
Anii studio｜熱蠟除毛｜無痛冰肌除毛｜韓式皮膚管理｜美背管理｜水飛梭 —台中店,台中市西區,皮膚管理,未知,民生路496巷18號24 小時營業,,2026-09-28 04:27
茉朵莉亞-韓式皮膚管理、美睫,台中市西區,皮膚管理,營業中,市政路103號營業中,,2026-09-28 04:27
微醫未來尖端診所(血液淨化/EECP體外反搏/高壓氧/熊貓針/海菲秀/皮秒雷射/海神除毛),台中市東區,醫美,營業中,仁和路470-1號營業中,04 2280 0796,2026-09-28 04:27
星醫美學院 台中站前(為提供更多元化的優質服務，5/1起將進行內部整修，暫不開放預約),台中市東區,醫美,未知,公園東路128號即將開始營業,04 2213 1781,2026-09-28 04:27
復興漾格爾診所 - 醫美/皮秒/肉毒/玻尿酸/電波/音波拉提/雷射體雕/除毛/植髮育髮,台中市東區,醫美,營業中,復興路四段169號營業中,04 2222 1233,2026-09-28 04:27
星和診所 站前台中醫美(為提供更多元化的優質服務，5/1起將進行內部整修，暫不開放預約),台中市東區,醫美,休息中/未營業,公園東路132號已打烊,04 2213 1797,2026-09-28 04:27
d & Aesthetic Clinic Taichung 諦恩美學診所/醫美/微整,台中市東區,醫美,營業中,大智路43號營業中,0911 950 173,2026-09-28 04:27
逸心美學診所,台中市東區,醫美,營業中,光復路148號2樓營業中,04 2206 0058,2026-09-28 04:27
NewFace御美學－台中東區做臉推薦｜無痛清粉刺｜痘痘處理｜皮膚保養｜美容護膚｜近火車站,台中市東區,醫美,休息中/未營業,大公街19號已打烊,04 2222 4646,2026-09-28 04:27
睿恩樂業診所【六、日正常營業】耳鼻喉科｜小兒科、醫學美容、 肉毒、皮秒、海神除毛、除痣、除斑、瘦瘦針、微整形｜東區診所、東區耳鼻喉科,台中市東區,醫美,營業中,樂業路230號1樓即將打烊：12:00,04 2215 1212,2026-09-28 04:27
台中韓娜斯美醫診所（大墩一館）-台中皮秒雷射｜台中整型｜台中育髮｜台中隆乳｜台中抽脂｜台中血液淨化｜台中鑽石水光｜台中鳳凰電波｜台中水光肝斑| 電音波拉皮 | 亞歷山大除毛 | 凹疤.痘疤.淡斑 | 台中微整形 | 台中醫美 | 台中醫美推薦,台中市東區,醫美,營業中,大墩路977號營業中,04 2327 2298,2026-09-28 04:27
昀漾美學診所 大墩店,台中市東區,醫美,營業中,"號 No. 945, No. 945號大墩路營業中",04 2310 9806,2026-09-28 04:27
青熙美學診所,台中市東區,醫美,營業中,益昌一街37號1樓營業中,04 2380 4958,2026-09-28 04:27
雅典娜台中醫美診所,台中市東區,醫美,營業中,朝貴一街30號營業中,04 2382 0479,2026-09-28 04:27
宜人美學診所,台中市東區,醫美,營業中,臺灣大道三段582號秋紅谷廣場對面營業中,04 2251 3266,2026-09-28 04:27
Chu Sunki膚特美學,台中市東區,醫美,營業中,公園東路162號營業中,,2026-09-28 04:27
20skin四季診所(皮膚科),台中市東區,醫美,營業中,公益路二段120號營業中,04 2310 3389,2026-09-28 04:27
承星診所-台中專業減重體雕/皮膚雷射微整形,台中市東區,醫美,營業中,忠明南路373號即將打烊：12:30,04 2376 9118,2026-09-28 04:27
星醫美學院 台中,台中市東區,醫美,營業中,惠來路二段236號營業中,04 2259 8803,2026-09-28 04:27
順風美學診所（台中旗艦館）,台中市東區,醫美,營業中,益昌一街101號營業中,04 2475 3123,2026-09-28 04:27
嘉婕美學館,台中市東區,美學,營業中,大智路324號營業中,,2026-09-28 04:27
著靡美學Spa會館,台中市東區,美學,營業中,長福路236-1號營業中,,2026-09-28 04:27
Shiny Star 星顏美學 台中東區,台中市東區,美學,營業中,建成路32號營業中,,2026-09-28 04:27
科技美學中心,台中市東區,美學,營業中,和平街228巷50號1樓營業中,,2026-09-28 04:27
菱秐美學Spa,台中市東區,美學,營業中,自強街22-1號營業中,,2026-09-28 04:27
無私美學,台中市東區,美學,營業中,十甲路301號營業中,,2026-09-28 04:27
芷暮美學｜台中東區美甲｜採全預約制,台中市東區,美學,營業中,旱溪東路一段298號1樓營業中,,2026-09-28 04:27
無名美學｜NO NAME BEAUTY｜飄眉/霧眉/美睫/美甲/無痛除毛,台中市東區,美學,營業中,樂業南路152號營業中,,2026-09-28 04:27
舒舒美學 - 熱蠟美肌｜睫毛管理｜韓國3D染眉｜NUNU官方教學講師,台中市東區,美學,未知,自由二街61-1號,,2026-09-28 04:27
顏瑀美學,台中市東區,美學,營業中,富榮街38-13號營業中,,2026-09-28 04:27
慕漾美學,台中市東區,美學,營業中,自由路四段352號營業中,,2026-09-28 04:27
FEI FEI概念美學-東區店,台中市東區,美學,休息中/未營業,旱溪街396號已打烊,,2026-09-28 04:27
Wax&Wink 蠟研所台中東區店｜美學空間,台中市東區,美學,營業中,東光園路109號1樓營業中,,2026-09-28 04:27
美人媮美學,台中市東區,美學,營業中,旱溪街266號營業中,,2026-09-28 04:27
MissMi極致美學 - 霧眉/霧唇/美瞳線/美甲/美睫/刺青/教學,台中市東區,美學,營業中,樂業南路148號營業中,,2026-09-28 04:27
All In Skin 時尚美學館【北區孕婦舒壓按摩】臉部撥筋｜男士做臉肌膚管理｜美胸暖宮｜沉浸式深層按摩｜熱蠟美肌,台中市北區,美學,營業中,英士路55巷3-1號營業中,,2026-09-28 04:27
Han Han美學工作坊｜台中東區｜美睫、睫毛管理,台中市東區,美學,營業中,復興路四段20巷40號營業中,,2026-09-28 04:27
美蒔美客美學館,台中市東區,美學,未知,進化路205巷7-10號24 小時營業,,2026-09-28 04:27
Umoment 悠時刻美學,台中市東區,美學,營業中,旱溪東路一段290-3號2F營業中,,2026-09-28 04:27
御妍芝肌膚管理美學,台中市東區,肌膚管理,營業中,自由路四段337號營業中,,2026-09-28 04:27
順氣美顏坊,台中市東區,肌膚管理,營業中,東光園路336號營業中,,2026-09-28 04:27
悅言美學,台中市東區,肌膚管理,休息中/未營業,建德街350-6號已打烊,,2026-09-28 04:27
克麗緹娜台中東區店（蒂妮亞美學館）,台中市東區,肌膚管理,營業中,建成路725號營業中,,2026-09-28 04:27
日々hibi 東區｜肌膚管理｜全臉撥經｜眼部放鬆Spa｜緊緻管理,台中市東區,肌膚管理,未知,立德街39號3樓,,2026-09-28 04:27
亞顏Young Yet🍀台中皮膚管理/按摩SPA,台中市東區,肌膚管理,營業中,力行路200巷38號營業中,,2026-09-28 04:27
Freely Beauty,台中市東區,肌膚管理,未知,台中市東區,,2026-09-28 04:27
詩登麗國際美容 樂業店,台中市東區,肌膚管理,營業中,樂業路222號營業中,,2026-09-28 04:27
享漫 SLOWLIVING SPA會館,台中市東區,肌膚管理,營業中,東英五街79號營業中,,2026-09-28 04:27
Facial Diary 保養日記,台中市東區,肌膚管理,休息中/未營業,十甲東路793號已打烊,,2026-09-28 04:27
露琺意LuVaii - 台中車站店,台中市東區,肌膚管理,營業中,台中路125號營業中,,2026-09-28 04:27
歐雅特美膚美體SPA生活館,台中市東區,肌膚管理,營業中,十甲東路254號營業中,,2026-09-28 04:27
富富FuFull 皮膚管理中心 水飛梭 手工清粉刺 藻針 杏仁酸換膚 駐顏 臉部按摩 霧眉 修眉 除毛 美容做臉,台中市東區,肌膚管理,營業中,東英十街2號營業中,,2026-09-28 04:27
清揚婉皙-美麗中心,台中市東區,肌膚管理,休息中/未營業,東英九街10號已打烊,,2026-09-28 04:27
艾悠所Ayuwell.skin,台中市東區,肌膚管理,未知,進德路361號即將開始營業,,2026-09-28 04:27
TIFFANY美學紋繡🍀霧眉•霧唇•護膚•清粉刺,台中市東區,肌膚管理,營業中,自由路四段營業中,,2026-09-28 04:27
夏禾美學,台中市東區,肌膚管理,休息中/未營業,力行路200巷33號已打烊,,2026-09-28 04:27
晶晴美容坊-東區經絡按摩|平價按摩|精油舒壓|美胸按摩/美容護膚/美睫/紋繡,台中市東區,肌膚管理,營業中,進化路234號營業中,,2026-09-28 04:27
OHNNII WHALLEY 皮膚管理中心,台中市東區,肌膚管理,未知,福昌街11號,,2026-09-28 04:27
日安青禾皮膚科診所,台中市東區,皮膚科,營業中,精武東路92號即將打烊：12:00,04 2215 2615,2026-09-28 04:27
劉文麟皮膚科診所,台中市東區,皮膚科,營業中,太平路659號即將打烊：12:00,04 2270 8058,2026-09-28 04:27
楊皮膚科診所,台中市東區,皮膚科,營業中,民族路155號即將打烊：12:00,04 2227 5079,2026-09-28 04:27
緻妍外科診所,台中市東區,整形外科,休息中/未營業,新福路208號已打烊,04 2395 0960,2026-09-28 04:27
協和外科診所,台中市東區,整形外科,未知,大公街1號0937 723 801,,2026-09-28 04:27
新彩整形外科診所,台中市東區,整形外科,營業中,五權西路二段633號營業中,04 2381 8733,2026-09-28 04:27
耀群美學診所 台中總院｜眼袋｜雙眼皮｜蘊髮｜抗老醫學｜皮秒雷射｜蝴蝶電波｜隆乳｜隆鼻,台中市東區,整形外科,營業中,東興路三段171號營業中,04 2320 1939,2026-09-28 04:27
仙杜瑞拉整形外科診所,台中市東區,整形外科,營業中,大墩七街327號2 樓營業中,04 2386 0808,2026-09-28 04:27
伊思美整形外科診所,台中市東區,整形外科,營業中,大業路236-1號即將打烊：12:00,04 2328 6899,2026-09-28 04:27
悅彤美整形外科診所,台中市東區,整形外科,營業中,東興路三段187號營業中,04 2328 9997,2026-09-28 04:27
安東診所 (成人幼兒感冒、發燒、腸胃炎、腹痛、久咳、皮膚炎、三高慢性病連續處方、疫苗、針劑保養、減重門診、疲憊、男性落髮、健康檢查，癌症篩檢),台中市東區,診所,營業中,樂業路226號即將打烊：12:00,04 2215 5788,2026-09-28 04:27
芯康診所,台中市東區,診所,營業中,樂業南路156號即將打烊：12:00,04 2213 9666,2026-09-28 04:27
詠馨診所,台中市東區,診所,營業中,大智路39號即將打烊：12:00,04 2223 6216,2026-09-28 04:27
博佳耳鼻喉科診所,台中市東區,診所,營業中,樂業路220號即將打烊：12:00,04 2320 6968,2026-09-28 04:27
惟康耳鼻喉科診所,台中市東區,診所,營業中,建成路662號即將打烊：12:00,04 2280 8716,2026-09-28 04:27
明全診所,台中市東區,診所,營業中,建成路332之1號即將打烊：12:00,04 2211 1257,2026-09-28 04:27
豊府診所,台中市東區,診所,營業中,旱溪東路一段293號即將打烊：12:00,04 2212 6228,2026-09-28 04:27
翔新診所,台中市東區,診所,營業中,十甲東路768號即將打烊：12:00,04 2211 0707,2026-09-28 04:27
鍾榮輝診所,台中市東區,診所,營業中,建國路222之1號即將打烊：12:00,04 2223 5326,2026-09-28 04:27
華幼診所,台中市東區,診所,休息中/未營業,進化路211號已打烊,04 2360 0099,2026-09-28 04:27
佑佑診所,台中市東區,診所,休息中/未營業,十甲路501號已打烊,04 2212 5628,2026-09-28 04:27
晟安診所,台中市東區,診所,營業中,力行路76號即將打烊：12:00,04 2360 2524,2026-09-28 04:27
彭耳鼻喉科診所,台中市東區,診所,休息中/未營業,復興路四段54號已打烊,04 2221 5512,2026-09-28 04:27
富台診所,台中市東區,診所,營業中,富台街62號即將打烊：12:00,04 2211 1611,2026-09-28 04:27
忠純診所,台中市東區,診所,休息中/未營業,建成路721號已打烊,04 2280 7167,2026-09-28 04:27
來來聯合診所,台中市東區,診所,營業中,精武路104號即將打烊：12:00,04 2360 7799,2026-09-28 04:27
心安診所,台中市東區,診所,營業中,力行路200巷26號即將打烊：12:00,04 2360 3568,2026-09-28 04:27
益家診所,台中市東區,診所,營業中,建成路3號即將打烊：12:00,04 2212 1089,2026-09-28 04:27
懷恩診所-台中東區減重門診、瘦瘦針,台中市東區,診所,營業中,台中路67號即將打烊：12:00,04 2220 3036,2026-09-28 04:27
台中市東區,台中市東區,診所,未知,大智路79號,,2026-09-28 04:27
立仁診所,台中市東區,診所,營業中,建成路775號即將打烊：12:00,04 2281 6168,2026-09-28 04:27
理解身心診所,台中市東區,診所,休息中/未營業,樂業一路61號已打烊,04 2215 2115,2026-09-28 04:27
榮生診所,台中市東區,診所,營業中,力行路80-5號即將打烊：12:00,04 2360 9300,2026-09-28 04:27
劉遠然家庭醫學科診所,台中市東區,診所,營業中,精武路61號即將打烊：12:00,04 2213 4008,2026-09-28 04:27
林俊文診所,台中市東區,診所,營業中,進化路201之1號即將打烊：12:00,04 2360 6839,2026-09-28 04:27
賢德醫院泌尿科,台中市東區,泌尿科,營業中,宜昌路420號營業中,04 2273 2551,2026-09-28 04:27
台新醫院,台中市東區,泌尿科,營業中,振興路441號即將打烊：12:00,04 2213 9966,2026-09-28 04:27
劉以文骨科診所--採現場掛號，無電話預約,台中市東區,骨科,休息中/未營業,旱溪東路一段355～356號已打烊,04 2211 0198,2026-09-28 04:27
精武復健科診所,台中市東區,骨科,休息中/未營業,東英路661號已打烊,04 2215 5511,2026-09-28 04:27
和信骨科診所,台中市東區,骨科,營業中,德芳路一段63號3樓即將打烊：12:00,04 2483 0848,2026-09-28 04:27
戴明勳骨外科診所,台中市東區,骨科,營業中,中興東路212號即將打烊：12:00,04 2273 0883,2026-09-28 04:27
雄安骨科診所,台中市東區,骨科,營業中,國光路二段638號即將打烊：12:00,04 2482 3000,2026-09-28 04:27
中國醫藥大學附設醫院台中東區分院,台中市東區,骨科,營業中,自由路三段296號營業中,,2026-09-28 04:27
仁傑診所︱骨科、復健,台中市東區,骨科,營業中,高工路153號營業中,04 2260 3311,2026-09-28 04:27
得仁堂整復推拿,台中市東區,骨科,未知,東光園路170號0918 918 382,,2026-09-28 04:27
骨科,台中市東區,骨科,未知,台中市東區,,2026-09-28 04:27
精英聯合醫事機構,台中市東區,骨科,營業中,精武東路13號營業中,04 2215 5112,2026-09-28 04:27
林士新婦產科診所,台中市東區,婦產科,營業中,復興路四段207號即將打烊：12:00,04 2223 8148,2026-09-28 04:27
楊外科婦產科診所,台中市東區,婦產科,營業中,進化路96號即將打烊：12:00,04 2212 4274,2026-09-28 04:27
宇田婦產科診所,台中市東區,婦產科,營業中,中山路5號即將打烊：12:00,04 2223 9678,2026-09-28 04:27
家珊診所,台中市東區,婦產科,營業中,忠孝路5號即將打烊：12:00,04 2285 1533,2026-09-28 04:27
何延慶婦產科診所,台中市東區,婦產科,營業中,東榮路157號即將打烊：11:59,04 2481 3233,2026-09-28 04:27
芳英婦幼診所,台中市東區,婦產科,營業中,平等街9號即將打烊：12:00,04 2222 9788,2026-09-28 04:27
台安醫院進化總院,台中市東區,婦產科,休息中/未營業,進化路203號已打烊,04 2360 2000,2026-09-28 04:27
林燕青婦產科診所,台中市東區,婦產科,營業中,中興東路216號即將打烊：12:00,04 2273 0101,2026-09-28 04:27
安欣婦產科,台中市東區,婦產科,營業中,樹孝路6號即將打烊：12:00,04 2392 5666,2026-09-28 04:27
呂其嘉婦產科診所,台中市東區,婦產科,營業中,中平路151之5號151之5號即將打烊：12:00,04 2275 0158,2026-09-28 04:27
劉玉麒婦產科診所,台中市東區,婦產科,休息中/未營業,樹孝路35號已打烊,04 2391 6689,2026-09-28 04:27
陽光婦產科診所 生殖中心,台中市東區,婦產科,營業中,台中路12號即將打烊：12:00,04 2221 2023,2026-09-28 04:27
千田婦產科診所,台中市東區,婦產科,營業中,復興路一段261號即將打烊：12:00,04 2261 8032,2026-09-28 04:27
藝群五權診所-醫美.皮秒.肉毒.玻尿酸.電波拉提.音波拉提.皮膚病,台中市東區,醫學美容,營業中,五權南路169號即將打烊：12:00,,2026-09-28 04:27
苓利美學,台中市東區,醫學美容,休息中/未營業,"No. 102號, 精武東路已打烊",,2026-09-28 04:27
Catherine 凱薩琳,台中市東區,美容,營業中,東光園路109號1樓營業中,,2026-09-28 04:27
墨韵 Beauty Touch｜台中東區工作室｜日式睫毛管理｜半永久臥蠶｜微醺霧唇｜柔霧眉,台中市東區,美容,營業中,育英路82-23號營業中,,2026-09-28 04:27
洛里美甲Lori Nail Studio｜台中東區美甲｜凝膠美甲・客製設計・預約制,台中市東區,美容,營業中,樂業一路89號營業中,,2026-09-28 04:27
嵐豫新中式美學,台中市東區,美容,休息中/未營業,育英路37-16號已打烊,,2026-09-28 04:27
Her.C 赫皙美妍｜台中東區紋繡,台中市東區,美容,營業中,育英路82-23號營業中,,2026-09-28 04:27
Wen House｜美甲｜美睫｜霧眉｜東區美甲,台中市東區,美容,營業中,樂業一路135巷33號營業中,,2026-09-28 04:27
自然色SPA美學莊園,台中市東區,美容,營業中,立德街27號營業中,,2026-09-28 04:27
Room201美學｜台中除毛｜手足美甲保養| 熱蠟美肌｜無痛除毛｜美容,台中市東區,美容,營業中,福仁街27號營業中,,2026-09-28 04:27
ZenSpa美學舘_台中店,台中市東區,美容,營業中,台中路151號1樓營業中,,2026-09-28 04:27
創藝美甲美學·Creative Nails(熱蠟除毛/無痛清粉刺/手足護理/台中推薦美甲/東區美甲/東區做臉）,台中市東區,美容,營業中,旱溪六街134號營業中,,2026-09-28 04:27
A SKIN國際專業美容中心,台中市東區,皮膚管理,休息中/未營業,旱溪西路二段175號已打烊,,2026-09-28 04:27
Leona,台中市東區,皮膚管理,營業中,公園東路150號營業中,,2026-09-28 04:27
棻姐姐超顏值美學/八合一雞尾酒療法/新式皮膚管理/美睫,台中市東區,皮膚管理,未知,復興路四段20巷40號,,2026-09-28 04:27
采風醫美-林新醫院美容中心,台中市中區,醫美,營業中,惠中路三段36號2樓營業中,04 3601 9769,2026-09-28 04:27
微醫未來美學診所-台中店（台中南屯醫美診所推薦／台中海芙音波推薦／鼻線雕／電波音波拉提推薦／熊貓針／洢蓮絲／逆時針）,台中市中區,醫美,未知,大墩路510號即將開始營業,04 2320 2699,2026-09-28 04:27
【EK美學診所】皮膚保養中心,台中市中區,醫美,營業中,169號 大隆路營業中,04 2310 2666,2026-09-28 04:27
國軍臺中總醫院醫美中心｜803,台中市中區,醫美,營業中,中山路二段348號2樓醫療大樓營業中,0978 830 803,2026-09-28 04:27
星和診所 台中醫美 - 標靶皮修丨夏娃電波丨賦活點滴丨立可檢丨皮秒雷射丨雷射除毛丨音波拉提丨水光注射丨玻尿酸丨肉毒丨增肌減脂丨肌動椅丨私密保養,台中市中區,醫美,營業中,惠來路二段232號營業中,04 2259 8809,2026-09-28 04:27
Mdor美迪兒美學中心-台中台灣大道店,台中市中區,美學,營業中,臺灣大道一段317號營業中,,2026-09-28 04:27
MZM夢之眉Dream’s Brows職人手作美學（台中店）,台中市中區,美學,營業中,台中路192號營業中,,2026-09-28 04:27
復興美學製造所-美甲/美睫/熱蠟除毛/美容/教學,台中市中區,美學,未知,復興路四段80號11樓,,2026-09-28 04:27
Lady face 顏質美学,台中市中區,美學,營業中,雙十路一段117號2樓營業中,,2026-09-28 04:27
B.a spa美學工作室 /韓式頭療髮浴/ 身體SPA,台中市中區,美學,未知,民族路219號4樓之1,,2026-09-28 04:27
梨西美學｜美甲工作室,台中市中區,美學,營業中,成功路333號營業中,,2026-09-28 04:27
BessieLady闆妹美學中心,台中市中區,美學,休息中/未營業,一中街162-31號已打烊,,2026-09-28 04:27
林恩美的事-台中館｜Muduo莯朶美學,台中市中區,美學,營業中,大新街22號營業中,,2026-09-28 04:27
仙瑩美學,台中市中區,美學,休息中/未營業,樂群街8號已打烊,,2026-09-28 04:27
Beauty Mood 時尚美學,台中市中區,美學,營業中,學府路168巷5號營業中,,2026-09-28 04:27
Fenice芬妮斯概念美學,台中市中區,美學,營業中,國光路73號3樓營業中,,2026-09-28 04:27
澄皙身心舒活室｜黑科技筋膜放鬆・精油按摩・運動按摩・美肌除毛・花精能量療癒・耳燭顱內放鬆｜台中按摩,台中市中區,肌膚管理,營業中,興中街128號營業中,,2026-09-28 04:27
女神美學-按摩｜spa |皮膚管理｜藻針｜清粉刺｜美胸｜護膚｜除毛,台中市中區,肌膚管理,未知,太平路19巷5弄9號,,2026-09-28 04:27
喜洗臉CCLAN-三民成功店,台中市中區,肌膚管理,未知,三民路二段133-2號即將開始營業,,2026-09-28 04:27
芮恩美學肌膚管理中心 台中海菲秀原廠展示中心,台中市中區,肌膚管理,未知,惠中路一段170號即將開始營業,,2026-09-28 04:27
宏仁診所—專治蕁麻疹、帶狀皰疹(皮蛇)、性病 （菜花，披衣菌-尿道炎，性疱疹…）、香港腳、汗斑🔹特殊用藥|非健保🔹,台中市中區,皮膚科,休息中/未營業,中華路二段20號已打烊,04 2201 3441,2026-09-28 04:27
人生診所,台中市中區,整形外科,未知,綠川西街63號04 2224 3282,,2026-09-28 04:27
夢琳貝爾診所,台中市中區,整形外科,營業中,文心路二段566-6號營業中,04 2320 1413,2026-09-28 04:27
明祐耳鼻喉科診所,台中市中區,診所,營業中,民權路160號即將打烊：12:00,04 2222 0007,2026-09-28 04:27
林恆立耳鼻喉科聯合診所,台中市中區,診所,營業中,復興路三段339號即將打烊：12:00,04 2220 0602,2026-09-28 04:27
拉菲爾人本診所 (台中),台中市中區,診所,休息中/未營業,民權路60號3樓已打烊,080 000 0760,2026-09-28 04:27
新生耳鼻喉科診所,台中市中區,診所,營業中,三民路二段67號即將打烊：12:00,04 2222 6331,2026-09-28 04:27
夏幸賢診所〔胃腸鏡檢查、BC肝追蹤治療、一般感冒、新冠治療、糖尿病照護、體重管理諮詢〕,台中市中區,診所,營業中,三民路一段152-3號即將打烊：12:00,04 2222 7885,2026-09-28 04:27
江啓鋒診所,台中市中區,診所,營業中,三民路二段151號即將打烊：12:00,04 2226 8703,2026-09-28 04:27
新笙聯合診所,台中市中區,診所,休息中/未營業,民權路100號已打烊,04 2222 6166,2026-09-28 04:27
許內科診所,台中市中區,診所,營業中,建國路175號即將打烊：12:00,04 2223 0842,2026-09-28 04:27
正心診所,台中市中區,診所,營業中,中華路一段107號即將打烊：12:00,04 2227 6100,2026-09-28 04:27
白耳鼻喉科診所,台中市中區,診所,營業中,學府路152號即將打烊：12:00,04 2222 0600,2026-09-28 04:27
台中洗腎 - 漢陽內科診所,台中市中區,診所,營業中,三民路二段42-1號營業中,04 2225 6666,2026-09-28 04:27
芳世內科小兒科診所,台中市中區,診所,營業中,國光路71號即將打烊：12:00,04 2220 3099,2026-09-28 04:27
洪志青診所,台中市中區,診所,未知,民族路95號,,2026-09-28 04:27
端容眼科診所,台中市中區,診所,營業中,民族路55號即將打烊：12:00,04 2222 2679,2026-09-28 04:27
成真診所,台中市中區,診所,營業中,平等街108號即將打烊：12:00,04 2225 3761,2026-09-28 04:27
林世峰診所,台中市中區,診所,未知,中山路111號,,2026-09-28 04:27
全生內兒科診所,台中市中區,診所,營業中,公園路30之1號即將打烊：12:00,04 2220 1528,2026-09-28 04:27
蔡外科診所,台中市中區,診所,營業中,民族路198-1號即將打烊：12:00,04 2221 6512,2026-09-28 04:27
超群診所,台中市中區,診所,未知,臺灣大道一段21號,,2026-09-28 04:27
王守仁外科甲狀腺專科醫院,台中市中區,診所,營業中,柳川西路三段20號營業中,04 2226 3988,2026-09-28 04:27
詹東霖心身診所,台中市中區,診所,營業中,三民路二段11號即將打烊：12:00,04 2225 6362,2026-09-28 04:27
復興家庭醫學科診所,台中市中區,泌尿科,營業中,復興路三段235號即將打烊：12:00,04 2220 0482,2026-09-28 04:27
賜安診所,台中市中區,泌尿科,未知,台中路81號04 2224 6698,,2026-09-28 04:27
豐田診所,台中市中區,泌尿科,營業中,建成路1848號1樓即將打烊：12:00,04 2285 0066,2026-09-28 04:27
澄清綜合醫院,台中市中區,泌尿科,未知,平等街139號24 小時營業,04 2463 2000,2026-09-28 04:27
聯醫診所,台中市中區,泌尿科,未知,臺灣大道一段79-2號,,2026-09-28 04:27
松明診所,台中市中區,泌尿科,營業中,成功路378號營業中,,2026-09-28 04:27
陽明復健科診所,台中市中區,骨科,營業中,國光路62號即將打烊：12:00,04 2227 6768,2026-09-28 04:27
林森醫院,台中市中區,骨科,休息中/未營業,三民路一段152之1號已打烊,04 2222 7800,2026-09-28 04:27
元盛診所︱復健科、骨科、兒童早療,台中市中區,骨科,營業中,復興路一段295號營業中,04 2263 6165,2026-09-28 04:27
力邁物理治療所,台中市中區,骨科,營業中,建成路1160號4樓營業中,0922 133 355,2026-09-28 04:27
大新婦產科診所生殖中心DSRC,台中市中區,婦產科,營業中,大進街449號即將打烊：12:15,04 2320 6969,2026-09-28 04:27
順生婦產科診所,台中市中區,婦產科,營業中,美村南路203號即將打烊：12:00,04 2261 3275,2026-09-28 04:27
美村婦產科 生殖試管嬰兒中心,台中市中區,婦產科,休息中/未營業,美村路一段588號已打烊,04 2378 7212,2026-09-28 04:27
伊美美容教育機構-台中班 微刺青班 紋繡班 美甲班 美睫班 新娘秘書班 整體造型班 美容SPA班 醫學美容師班 美容乙丙級班 美髮乙丙級班,台中市中區,醫學美容,營業中,中山路27號9樓營業中,04 2229 3933,2026-09-28 04:27
"台灣美容醫學護理學會-台中分會,美容醫學護理師,美容醫學美容師 ,美容醫學諮詢師 美容醫學從業人員檢定",台中市中區,醫學美容,營業中,綠川東街32號5號樓之4營業中,04 2229 1017,2026-09-28 04:27
波適康台中店,台中市中區,醫學美容,營業中,民族路160號1樓營業中,04 2222 0638,2026-09-28 04:27
微媞時尚診所-台中店,台中市中區,醫學美容,營業中,向上路一段658號3樓營業中,04 2328 8880,2026-09-28 04:27
澄清美容醫學部,台中市中區,醫學美容,營業中,台灣大道四段966號2F營業中,,2026-09-28 04:27
BAO BOI SPA - 越式洗髪,台中市中區,美容,營業中,臺灣大道一段52號3樓營業中,0976 319 488,2026-09-28 04:27
雙賓美容百貨有限公司,台中市中區,美容,營業中,公園路2之4號營業中,04 2227 3135,2026-09-28 04:27
Hương nguyễn spa,台中市中區,美容,未知,繼光街87號24 小時營業,0976 103 361,2026-09-28 04:27
Rosa越式洗髮集團-台中旗艦店～全台最具規模第一大品牌-正宗越南洗頭創始店,台中市中區,美容,營業中,公園路18號營業中,04 2226 1999,2026-09-28 04:27
台中市美容業職業工會,台中市中區,美容,休息中/未營業,平等街1號6樓已打烊,04 2218 3468,2026-09-28 04:27
DR CYJ髮胜肽健髮中心 台中站前店,台中市中區,美容,營業中,臺灣大道一段195號營業中,04 2229 0271,2026-09-28 04:27
詩霏雅Sfaya,台中市中區,美容,未知,公園路50-2號即將開始營業,,2026-09-28 04:27
美洲美容髮型 Glory Hair Salon,台中市中區,美容,營業中,成功路118號營業中,04 2224 3506,2026-09-28 04:27
金星越式洗髮-台灣大道店,台中市中區,美容,營業中,臺灣大道一段205號營業中,04 2222 6789,2026-09-28 04:27
蘇菲髮妝影像美學,台中市中區,美容,未知,繼光街54號0922 620 765,,2026-09-28 04:27
喜歡你養生會館ktv,台中市中區,美容,未知,市府路130號5f24 小時營業,0939 833 062,2026-09-28 04:27
Thuý Hǎng 指髮美研所-越式洗髮,台中市中區,美容,營業中,臺灣大道一段52號四樓營業中,0958 728 153,2026-09-28 04:27
金益美美容美髮百貨行,台中市中區,美容,營業中,中華路一段100號營業中,04 2224 4929,2026-09-28 04:27
Oh in,台中市中區,美容,未知,大誠街84號,,2026-09-28 04:27
美姿髮型美容,台中市中區,美容,營業中,民族路123號營業中,04 2227 7555,2026-09-28 04:27
阿勇.勇泉 養生Spa個人工作室,台中市中區,美容,營業中,雙十路一段1號10樓營業中,,2026-09-28 04:27
愛甲玩美,台中市中區,美容,營業中,三民路二段114號營業中,080 000 1349,2026-09-28 04:27
波菲爾髮型美容總店,台中市中區,美容,營業中,臺灣大道一段201號3樓營業中,04 2225 3145,2026-09-28 04:27
山茶花推拿養生館-台中.中區(推拿進口精油，腳底按摩，刮痧拔罐，半身按摩，敷熱石頭，成功路草藥排毒，成功路全身按摩),台中市中區,美容,營業中,成功路81號營業中,0981 758 233,2026-09-28 04:27
比利莎美容SPA/一中修眉/肌膚管理/臉部保養/美容美體/美胸按摩/精油按摩/耳燭spa/霧眉。眼。唇/線條眉。野生眉,台中市中區,美容,休息中/未營業,一中街179巷8號已打烊,0980 706 906,2026-09-28 04:27
法克專業男士熱蠟除毛工作室,台中市中區,美容,營業中,民族路21號營業中,0958 644 617,2026-09-28 04:27
N88 Beauty salon&Spa 美髮沙龍 整復推拿按摩-中區頭皮護理|專業洗髮|專業剪髮|男士剪髮|頭皮保養|在地推薦美髮,台中市中區,美容,營業中,建國路208號營業中,0900 288 582,2026-09-28 04:27
KBH hair salon,台中市中區,美容,休息中/未營業,中華路二段14號已打烊,04 2201 8622,2026-09-28 04:27
LA SPA 心境美學(益民商圈2樓) 精油spa按摩•臉部按摩•頭部釋壓•耳燭•眼部舒壓•清粉刺•保濕•護膚,台中市中區,美容,休息中/未營業,一中街160-26號2樓已打烊,0900 789 656,2026-09-28 04:27
小吉肌光 HS,台中市中區,皮膚管理,營業中,愛國街7號營業中,,2026-09-28 04:27
肌本主義皮膚管理中心,台中市中區,皮膚管理,營業中,中興路二段202號營業中,,2026-09-28 04:27
透美學 皮膚管理中心｜地毯式清粉刺｜無痛水飛梭｜熱蠟除毛｜G5體雕spa | 粉嫩術,台中市中區,皮膚管理,營業中,大容西街51號2樓之一營業中,,2026-09-28 04:27
覓光肌皮膚管理中心（台中中科店）,台中市中區,皮膚管理,休息中/未營業,西屯路三段9號179之12巷已打烊,,2026-09-28 04:27
青熙美膚管理中心,台中市中區,皮膚管理,營業中,振福路163號營業中,,2026-09-28 04:27
洲際星和診所【台中北屯醫美診所】海神除毛｜靜脈雷射｜血液淨化｜ONDA超微波｜電音波拉提｜私密處治療,台中市北屯區,醫美,營業中,崇德路三段99號營業中,04 2422 7898,2026-09-28 04:27
萊賦美學診所 LIFE Clinic,台中市北屯區,醫美,營業中,山西路三段116號營業中,04 2422 9000,2026-09-28 04:27
曼妮美研診所,台中市北屯區,醫美,休息中/未營業,山西路二段517號已打烊,0966 066 280,2026-09-28 04:27
艾瑞辛美學診所 北屯館,台中市北屯區,醫美,休息中/未營業,松竹路一段931號已打烊,04 2435 1111,2026-09-28 04:27
瑞成美學診所-北屯電波拉皮|太平音波拉提|醫美推薦|肉毒除皺|水光針|微針電波|玩美電波|痘疤治療|玻尿酸推薦|麗珠蘭,台中市北屯區,醫美,休息中/未營業,環太東路460號已打烊,04 2393 7570,2026-09-28 04:27
甯妍診所－預防醫學｜血液淨化｜微整注射｜痘疤凹疤治療｜光電雷射｜電音波｜亞歷山大除毛雷射｜醫學美容｜,台中市北屯區,醫美,營業中,山西路二段222號2樓營業中,04 2299 1348,2026-09-28 04:27
淇禾美學診所（附專屬停車場）,台中市北屯區,醫美,營業中,文心路四段955號2樓營業中,04 2247 6600,2026-09-28 04:27
恬心美學診所,台中市北屯區,醫美,營業中,南興路508號營業中,04 2436 0320,2026-09-28 04:27
黎芮絲美學診所,台中市北屯區,醫美,營業中,昌平路一段330號1樓營業中,04 2243 6186,2026-09-28 04:27
雅典娜醫美診所-北屯分院,台中市北屯區,醫美,營業中,南興園路67號2樓營業中,080 080 8568,2026-09-28 04:27
美麗風尚診所｜台中醫美｜筋膜拉提｜埋線鼻雕｜全方位臉部抗老規劃,台中市北屯區,醫美,營業中,東興路三段399號營業中,04 2310 1117,2026-09-28 04:27
禾麗醫美診所-台中店,台中市北屯區,醫美,營業中,大墩十四街186號營業中,04 2328 8866,2026-09-28 04:27
映玥美型診所 | 鳳凰電波 | 麗珠蘭,台中市北屯區,醫美,營業中,青海路二段240-1號營業中,04 2326 1180,2026-09-28 04:27
默妍美學,台中市北屯區,醫美,未知,軍福七路76號1樓即將開始營業,0988 229 435,2026-09-28 04:27
妍回美學診所—北屯店,台中市北屯區,醫美,休息中/未營業,軍福十九路498號已打烊,04 2436 4008,2026-09-28 04:27
艾瑞辛診所 西屯館,台中市北屯區,醫美,休息中/未營業,文心路二段566之1號2樓之2已打烊,04 2310 3369,2026-09-28 04:27
白色奇肌｜科技美學,台中市北屯區,美學,營業中,崇德二路一段186巷18號營業中,0987 666 580,2026-09-28 04:27
杉六美學｜36beauty,台中市北屯區,美學,休息中/未營業,興安路二段234號已打烊,04 2243 6099,2026-09-28 04:27
Juliet 美學 SPA,台中市北屯區,美學,營業中,梅川東路四段51號1樓營業中,0905 462 939,2026-09-28 04:27
喬米時尚美學/台中北平店,台中市北屯區,美學,未知,北平路四段97號0989 055 418,,2026-09-28 04:27
光韻美學診所,台中市北屯區,美學,營業中,昌平東二路170號營業中,04 2422 3357,2026-09-28 04:27
萊秘養愈美學 | 台中北屯 INDIBA英特波｜ 肌膚管理 ｜臉部保養｜痘痘粉刺 ｜美胸保養 ｜體態雕塑｜ 頭皮保養,台中市北屯區,美學,營業中,松美路77號營業中,04 2380 4868,2026-09-28 04:27
路途美學｜Road Aesthetics,台中市北屯區,美學,未知,東山路一段50-19號,,2026-09-28 04:27
迦南型體美學,台中市北屯區,美學,營業中,昌平路二段12之15巷24號營業中,,2026-09-28 04:27
Q 美學 ｜台中美甲、熱蠟,台中市北屯區,美學,營業中,松竹路二段663號1樓營業中,04 2241 5928,2026-09-28 04:27
釆陵美學館,台中市北屯區,美學,營業中,北屯路208號營業中,0958 714 988,2026-09-28 04:27
熙妍蘊美學中心【北屯醫美術前保養】醫美術後保養｜膚況檢測｜肌膚保養｜保濕保養｜客製化保養,台中市北屯區,美學,未知,松義街209號,,2026-09-28 04:27
璟熙美學/美髮/美甲/美睫/美體/美容,台中市北屯區,美學,營業中,崇德六路一段91號一樓營業中,0932 538 540,2026-09-28 04:27
沐美學會館-北屯店,台中市北屯區,美學,營業中,景賢路127號營業中,04 2435 0200,2026-09-28 04:27
棋格美學Chic Aesthetics,台中市北屯區,美學,營業中,雷中街66號7F營業中,0988 726 513,2026-09-28 04:27
芮登沐美學｜按摩｜做臉｜除毛｜霧唇｜美白岩盤浴｜醫美術後修復｜北屯,台中市北屯區,美學,營業中,南興三路307號營業中,04 2436 2245,2026-09-28 04:27
緁㛄美學♥種鑽石💎,台中市北屯區,美學,未知,樹孝路716號24 小時營業,0970 506 909,2026-09-28 04:27
JOY玖壹伍美學 台中霧眉/霧唇,台中市北屯區,美學,營業中,崇德十路一段523號營業中,,2026-09-28 04:27
亮公主複合式美學館/台中北屯美甲/美睫/光固美睫/美業教學,台中市北屯區,美學,營業中,同榮路189號營業中,0903 768 678,2026-09-28 04:27
Purely 美學/肌膚管理/spa/美胸保養/術後美胸,台中市北屯區,美學,營業中,青島路三段201號營業中,,2026-09-28 04:27
日熙美學｜北屯美甲,台中市北屯區,美學,營業中,東光路892巷5號1樓營業中,,2026-09-28 04:27
Ivy Lin 美學｜台中北屯霧眉/新娘秘書工作室,台中市北屯區,美學,未知,軍福九路160號0987 612 887,,2026-09-28 04:27
宣和複合式美學｜沈浸式精油舒壓・美甲美睫・育兒友善空間（北屯店）,台中市北屯區,美學,營業中,東光路724巷41號營業中,0973 902 558,2026-09-28 04:27
Hosyu禾煦美學 台中北屯店,台中市北屯區,美學,營業中,昌平三街32號1樓營業中,04 2422 0669,2026-09-28 04:27
蔓活肌膚美學中心｜北屯松竹店,台中市北屯區,美學,營業中,松竹路一段885號營業中,0981 203 766,2026-09-28 04:27
伊希思美學 - 教育訓練中心,台中市北屯區,美學,營業中,文心路四段821號營業中,0919 753 657,2026-09-28 04:27
芙之選美學,台中市北屯區,美學,營業中,東山路一段152-8號營業中,0913 213 278,2026-09-28 04:27
歆玥美學｜XINYUE Beauty｜肌膚管理｜低痛感清粉刺｜科技美容｜醫學美容｜霧唇｜唇淡色,台中市北屯區,肌膚管理,休息中/未營業,經貿一路158巷52號2樓已打烊,,2026-09-28 04:27
夏沐妍台中北屯店,台中市北屯區,肌膚管理,休息中/未營業,敦富一街183號已打烊,,2026-09-28 04:27
好事顏究所,台中市北屯區,肌膚管理,營業中,敦化路一段627號營業中,,2026-09-28 04:27
Niita Beauty,台中市北屯區,肌膚管理,未知,松竹北路205號,,2026-09-28 04:27
MIJING覓境肌膚管理美學,台中市北屯區,肌膚管理,營業中,樹孝路712號營業中,,2026-09-28 04:27
舒希雅管理美學,台中市北屯區,肌膚管理,營業中,綏遠路二段132號營業中,,2026-09-28 04:27
懶女孩皮膚管理美容,台中市北屯區,肌膚管理,營業中,文昌東九街28號營業中,,2026-09-28 04:27
LOHAS Skin Care,台中市北屯區,肌膚管理,未知,文昌東四街47-3號,,2026-09-28 04:27
首妍美學,台中市北屯區,肌膚管理,營業中,松竹路一段875號營業中,,2026-09-28 04:27
Famille Spa 菲秘美顏生活館,台中市北屯區,肌膚管理,營業中,太順路30號營業中,,2026-09-28 04:27
慕沐肌膚美學,台中市北屯區,肌膚管理,營業中,敦化路一段605號營業中,,2026-09-28 04:27
La peonía 北屯店 萊佩妮亞 肌膚管理,台中市北屯區,肌膚管理,未知,柳陽西街92巷8號,,2026-09-28 04:27
WHALE 皮膚管理,台中市北屯區,肌膚管理,休息中/未營業,松竹路二段337巷28號丞紅丹青已打烊,,2026-09-28 04:27
和光美學所,台中市北屯區,肌膚管理,營業中,昌平路二段10巷72弄營業中,,2026-09-28 04:27
KWASH韓風科技潔膚 北屯店,台中市北屯區,肌膚管理,營業中,旅順路二段380號營業中,,2026-09-28 04:27
廖志明診所,台中市北屯區,皮膚科,營業中,北屯路256號即將打烊：12:05,04 2243 9438,2026-09-28 04:27
延壽檢驗院,台中市北屯區,皮膚科,營業中,東山路一段35號即將打烊：12:00,04 2244 2881,2026-09-28 04:27
皮膚科,台中市北屯區,皮膚科,營業中,台中市北屯區,04 3606 0666,2026-09-28 04:27
愛樂芬診所(內科/家醫科/婦科(女醫師)/婦科超音波/預防保健/成人健檢/自費疫苗/小兒科/皮膚科/外傷/減重/靜脈營養點滴/猛健樂),台中市北屯區,皮膚科,營業中,松竹路一段929號即將打烊：12:00,04 2436 3800,2026-09-28 04:27
全能家診所,台中市北屯區,皮膚科,營業中,敦富路66號即將打烊：12:00,04 2436 3778,2026-09-28 04:27
陳駿逸皮膚科診所,台中市北屯區,皮膚科,休息中/未營業,"1樓, No. 217號黎明路三段已打烊",04 2451 9589,2026-09-28 04:27
承智皮膚科診所,台中市北屯區,皮膚科,營業中,黎明路二段452號即將打烊：12:00,04 2254 5688,2026-09-28 04:27
許碧珊,台中市北屯區,皮膚科,未知,昌平路二段11號之17號04 2242 0468,,2026-09-28 04:27
小宙診所北屯院 - 台中減肥診所｜減重門診｜運動醫學門診,台中市北屯區,皮膚科,營業中,梅川東路五段131號3樓營業中,04 2247 1365,2026-09-28 04:27
鍾景仁整形外科診所,台中市北屯區,整形外科,休息中/未營業,青海路二段240之2號已打烊,04 2701 8003,2026-09-28 04:27
整形外科,台中市北屯區,整形外科,未知,台中市北屯區,,2026-09-28 04:27
玉貴人整形外科診所(台中店),台中市北屯區,整形外科,營業中,重慶路337號營業中,04 2471 0486,2026-09-28 04:27
高振能診所,台中市北屯區,整形外科,營業中,松竹路二段196號即將打烊：12:00,04 2241 1677,2026-09-28 04:27
張立言整形外科診所,台中市北屯區,整形外科,休息中/未營業,市政北二路238號號 18 樓 B2已打烊,04 2255 0055,2026-09-28 04:27
優幼診所【台中小兒科推薦】@YOYO66成人感冒 腸胃炎 鼻塞 鼻過敏 久咳嗽 氣喘 高血壓 疫苗預約 流感/帶狀皰疹/肺鏈疫苗 耳鼻喉科 家醫科,台中市北屯區,診所,營業中,北屯路435-16號即將打烊：12:00,04 2249 3636,2026-09-28 04:27
軍功診所,台中市北屯區,診所,營業中,"No. 535號, 軍功路一段即將打烊：12:00",04 2436 4056,2026-09-28 04:27
康康診所,台中市北屯區,診所,營業中,北屯路428-3號即將打烊：12:00,04 2246 1925,2026-09-28 04:27
承康小兒科家醫科診所,台中市北屯區,診所,營業中,東山路一段即將打烊：12:00,04 2437 7838,2026-09-28 04:27
仁曜診所- 糖尿病照護(連續血糖監測)、感冒、皮膚病、傷口換藥、痛風、灰指甲、帶狀疱疹、減重門診(猛健樂/週纖達)、戒菸門診、高山症預防、高血壓、高血脂、甲狀腺疾病、成人健康檢查、營養點滴、疫苗注射、腸胃炎、胃食道逆流、失眠、攝護腺肥大,台中市北屯區,診所,營業中,景賢路196號即將打烊：12:00,04 2437 6568,2026-09-28 04:27
萊恩耳鼻喉科診所【 台中北屯耳鼻喉科推薦 】鼻塞 過敏 打呼 鼻中隔 疫苗預約 文心崇德站 小兒科 推薦,台中市北屯區,診所,營業中,崇德路二段205號即將打烊：12:00,04 2246 6000,2026-09-28 04:27
永新診所,台中市北屯區,診所,營業中,松竹路二段159號即將打烊：12:00,04 2246 7799,2026-09-28 04:27
承安耳鼻喉科診所 黴漿菌|RSV呼吸道融合病毒|腺病毒|流感|新冠|成人健檢|兒童健檢|兒童發展評估|耳石復位,台中市北屯區,診所,營業中,北屯路441號即將打烊：12:00,04 2242 5252,2026-09-28 04:27
杏鴻耳鼻喉科診所（門診表及其他消息公佈在臉書）,台中市北屯區,診所,營業中,松竹路二段206號即將打烊：12:00,04 2246 6662,2026-09-28 04:27
芊翔耳鼻喉科診所,台中市北屯區,診所,營業中,松竹路二段317號即將打烊：12:00,04 2247 8003,2026-09-28 04:27
翔霖診所,台中市北屯區,診所,營業中,崇德路二段452號即將打烊：12:00,04 2241 0725,2026-09-28 04:27
蘇游耳鼻喉科診所［台中北屯耳鼻喉科、小兒科推薦］鼻塞 過敏 黴漿菌 腺病毒 耳石復位 各種疫苗接種,台中市北屯區,診所,營業中,昌平路一段99之3號即將打烊：12:00,04 2246 2420,2026-09-28 04:27
傑星耳鼻喉科診所（原曾文星耳鼻喉科診所）,台中市北屯區,診所,營業中,昌平路二段11-37號即將打烊：12:00,04 2241 7898,2026-09-28 04:27
榮曜診所,台中市北屯區,診所,營業中,北屯路196號營業中,04 2238 7838,2026-09-28 04:27
佶園敦富診所｜高血壓｜糖尿病｜高血脂｜腸胃炎｜肝炎｜高尿酸血症(痛風)｜肥胖症｜感冒｜咳嗽 ｜氣喘｜失眠｜焦慮｜憂鬱｜小兒疾病｜皮膚疾病｜外科縫合手術｜抗衰老醫學｜醫學美容｜健檢,台中市北屯區,診所,營業中,敦富路727號即將打烊：12:00,04 2435 1555,2026-09-28 04:27
小森林家醫科診所(高血壓、痛風、減重猛健樂、週纖達、兒童成人感冒、腸胃炎、皮膚過敏、戒菸噴霧貼片、糖尿病、高血脂、健康檢查、皮蛇帶狀皰疹疫苗、HPV九價菜花疫苗、百日咳疫苗、RSV疫苗),台中市北屯區,診所,營業中,大連路二段223號即將打烊：12:30,04 2247 6567,2026-09-28 04:27
徐長庚診所,台中市北屯區,診所,營業中,北屯路212巷8號即將打烊：12:00,04 2231 3168,2026-09-28 04:27
文彥診所,台中市北屯區,診所,營業中,昌平路二段8-20 號即將打烊：12:00,04 2242 5892,2026-09-28 04:27
和生診所,台中市北屯區,診所,營業中,興安路一段320號即將打烊：12:00,04 2247 4788,2026-09-28 04:27
高診所,台中市北屯區,診所,休息中/未營業,北屯路281之2號已打烊,04 2234 1032,2026-09-28 04:27
張內科診所,台中市北屯區,診所,營業中,景賢路282號即將打烊：12:00,04 2437 2551,2026-09-28 04:27
吉祥耳鼻喉科診所,台中市北屯區,診所,營業中,崇德路二段461、463號即將打烊：12:00,04 2246 7388,2026-09-28 04:27
大源診所,台中市北屯區,診所,營業中,興安路一段335號即將打烊：12:00,04 2241 5463,2026-09-28 04:27
敦富耳鼻喉科診所,台中市北屯區,診所,休息中/未營業,敦富路707號已打烊,04 2241 6191,2026-09-28 04:27
潘奇威診所,台中市北屯區,診所,營業中,昌平路一段372號即將打烊：12:00,04 2245 0888,2026-09-28 04:27
元亨診所︱復健科、家醫科、身心科、兒童早療,台中市北屯區,泌尿科,營業中,松竹路二段303號即將打烊：12:00,04 2241 3959,2026-09-28 04:27
英吉診所-附設汽機車體檢,台中市北屯區,泌尿科,營業中,北屯路213號即將打烊：12:00,04 2233 6897,2026-09-28 04:27
台中東山聯合診所,台中市北屯區,泌尿科,營業中,東山路一段308號即將打烊：12:00,04 2437 8500,2026-09-28 04:27
芳鄰診所,台中市北屯區,泌尿科,營業中,東山路一段240號即將打烊：12:00,04 2437 1433,2026-09-28 04:27
維民診所,台中市北屯區,泌尿科,營業中,太順路112號2樓營業中,04 2435 0198,2026-09-28 04:27
泌尿外科,台中市北屯區,泌尿科,營業中,台中市北屯區,,2026-09-28 04:27
英吉內外科診所,台中市北屯區,泌尿科,營業中,北屯路213號即將打烊：12:00,04 2233 6897,2026-09-28 04:27
大墅診所,台中市北屯區,泌尿科,營業中,和祥三街12號即將打烊：12:00,04 2437 9950,2026-09-28 04:27
康悅復健科診所Kang Yue/骨科復健/兒童復健/語言治療/精準徒手/數位X光檢查/高解析超音波檢查/運動傷害/體外震波/增生療法/PRP療法,台中市北屯區,骨科,休息中/未營業,松竹五路一段115號已打烊,04 2435 1088,2026-09-28 04:27
正好復健科診所,台中市北屯區,骨科,休息中/未營業,崇德路二段139號已打烊,04 2247 0568,2026-09-28 04:27
光忠復健科診所,台中市北屯區,骨科,營業中,北屯路385號3樓即將打烊：12:00,04 2234 1479,2026-09-28 04:27
宏懿復健科診所 Hung Yi Rehab Clinic,台中市北屯區,骨科,營業中,昌平路一段105號5樓即將打烊：12:00,04 2247 5598,2026-09-28 04:27
禾欣骨科診所,台中市北屯區,骨科,營業中,青海路二段240之10號即將打烊：12:00,04 2452 6326,2026-09-28 04:27
歐承昌骨科診所,台中市北屯區,骨科,營業中,潭興路三段135號即將打烊：12:00,04 2535 8116,2026-09-28 04:27
冠達復健科診所,台中市北屯區,骨科,營業中,昌平路一段152號即將打烊：12:00,04 2232 2542,2026-09-28 04:27
立新診所,台中市北屯區,骨科,休息中/未營業,成都路101之3號已打烊,04 2312 8918,2026-09-28 04:27
家興禾樂診所,台中市北屯區,骨科,營業中,東山路一段332之13號即將打烊：12:00,04 2436 4897,2026-09-28 04:27
穌福診所,台中市北屯區,骨科,休息中/未營業,大連路二段207號已打烊,04 2241 0599,2026-09-28 04:27
崇心復健科診所,台中市北屯區,骨科,營業中,天津路三段111號一樓即將打烊：12:30,04 2237 0111,2026-09-28 04:27
光馨家醫科診所,台中市北屯區,骨科,營業中,北屯路385-5、-6號即將打烊：12:00,04 2234 3645,2026-09-28 04:27
大愛復健科診所/小兒早療(老師經歷都超過七年以上 且穩定 ) 過動症/骨科復健/中風復健/神經復健,台中市北屯區,骨科,營業中,北平路三段117號即將打烊：12:00,04 2236 3308,2026-09-28 04:27
光馨診所【光仁聯合診所】,台中市北屯區,骨科,營業中,北屯路385號即將打烊：12:00,04 2234 1479,2026-09-28 04:27
儷芯婦產科診所,台中市北屯區,婦產科,營業中,山西路三段218號即將打烊：12:00,04 2421 4647,2026-09-28 04:27
樂芙生殖醫學中心｜試管嬰兒｜不孕症｜女醫｜凍卵｜捐卵,台中市北屯區,婦產科,營業中,文心路四段257號即將打烊：12:00,04 2292 2299,2026-09-28 04:27
弘光診所,台中市北屯區,婦產科,營業中,東山路一段308號營業中,04 2436 0305,2026-09-28 04:27
茂盛醫院 乳房外科,台中市北屯區,婦產科,休息中/未營業,昌平路一段30號已打烊,,2026-09-28 04:27
茂盛醫院生殖醫學中心,台中市北屯區,婦產科,營業中,昌平路一段30-6號即將打烊：12:00,04 2234 7057,2026-09-28 04:27
雲品診所乳房外科 - 看診需預約，就診請看「關於我們」特別提醒四項,台中市北屯區,婦產科,營業中,文心路四段522-2號營業中,04 2234 0535,2026-09-28 04:27
婦產科,台中市北屯區,婦產科,未知,台中市北屯區,,2026-09-28 04:27
艾瑪國際美容微型,台中市北屯區,醫學美容,營業中,昌平路ㄧ段95-10號營業中,04 2241 3377,2026-09-28 04:27
喬18科技美容｜醫學美容｜肉毒｜健康體重管理｜消脂針｜美白針,台中市北屯區,醫學美容,營業中,景賢路276號2樓營業中,04 2436 2681,2026-09-28 04:27
𝐌𝐞𝐝𝐢𝐜𝐚𝐥 𝐁𝐞𝐚𝐮𝐭𝐲醫學概念美學,台中市北屯區,醫學美容,未知,崇德七路89號,,2026-09-28 04:27
台中北屯萩芝悅肌膚保養-專業臉部敏感肌/面皰/深層亮白護理/頭部肩頸紓壓/耳燭,台中市北屯區,醫學美容,營業中,松竹路二段34巷16弄9號營業中,0909 006 679,2026-09-28 04:27
許惠翔美學診所｜台中妍回美學診所,台中市北屯區,醫學美容,營業中,大墩十二街341號營業中,04 2251 6316,2026-09-28 04:27
曼齡診所,台中市北屯區,醫學美容,營業中,大正街6號4樓營業中,04 2251 9917,2026-09-28 04:27
WOOWEI霧葳美學｜台中北屯霧眉｜霧唇專門店｜唇淡色｜機器野生眉｜開運修眉｜霧髮蘊髮｜紋繡教學｜日式美睫｜講座活動場地分租｜床位共享,台中市北屯區,醫學美容,營業中,松和街36號營業中,0984 508 777,2026-09-28 04:27
杜利庭平衡美學中心,台中市北屯區,醫學美容,營業中,安順四街33號營業中,04 2242 0380,2026-09-28 04:27
小確幸美顏spa(北屯旗艦店)No.2專門清粉刺｜美肌熱蠟除毛｜精油SPA,台中市北屯區,美容,營業中,東山路一段238巷25弄38號營業中,,2026-09-28 04:27
露琺意LuVaii - 台中北屯店,台中市北屯區,美容,營業中,軍和街7號營業中,,2026-09-28 04:27
沐庭美學｜男女熱蠟除毛 & 傳統整復推拿,台中市北屯區,美容,營業中,南興北三路15號營業中,,2026-09-28 04:27
漾Young spa 北屯會館,台中市北屯區,美容,營業中,北屯路200之2號營業中,,2026-09-28 04:27
煥然逸馨精油概念館【北屯精油SPA館】全身去角質|美體雕塑|美容美體|精油按摩|問題肌膚處理,台中市北屯區,美容,營業中,軍和街495號營業中,,2026-09-28 04:27
迎妃玥香氛spa,台中市北屯區,美容,營業中,崇德五路148號營業中,,2026-09-28 04:27
Home Spa美容工作室｜北屯spa｜粉刺｜客製化,台中市北屯區,美容,營業中,柳陽西街2巷29號營業中,,2026-09-28 04:27
FEI FEI 概念美學,台中市北屯區,美容,休息中/未營業,松竹北路55號已打烊,,2026-09-28 04:27
JOY SPA 喬伊 國際美容,台中市北屯區,美容,營業中,昌平東二路168號營業中,,2026-09-28 04:27
紫色美人正統越式洗頭-台中北屯門市,台中市北屯區,美容,休息中/未營業,建和路二段261號已打烊,,2026-09-28 04:27
New Beauty妮美美容,台中市北屯區,美容,營業中,大連路一段113號營業中,,2026-09-28 04:27
斯朵利美妍SPA(台中松竹店),台中市北屯區,美容,營業中,松竹路二段270號營業中,,2026-09-28 04:27
奧維德國際美容（北屯店）,台中市北屯區,美容,休息中/未營業,綏遠路二段72號已打烊,,2026-09-28 04:27
北屯采耳 Ears hsuan 藝耳軒（台中采耳推薦）專業采耳 / 耳燭SPA / 銀珠洗眼 / 兒童耳道清潔 /頭部舒壓/臉部撥筋/ 耳結石/采耳教學,台中市北屯區,美容,未知,松竹路二段316號2樓,,2026-09-28 04:27
K美甲美學（北屯店）｜台中北屯凝膠美甲,台中市北屯區,美容,營業中,旅順路一段63號2樓營業中,,2026-09-28 04:27
佐登妮絲專業SPA_台中北屯店,台中市北屯區,美容,營業中,昌平路一段75號營業中,,2026-09-28 04:27
Soo Skin 韓式皮膚管理,台中市北屯區,皮膚管理,未知,敦富六街22號,,2026-09-28 04:27
LUNA｜皮膚管理 妊娠紋修復,台中市北屯區,皮膚管理,休息中/未營業,東山路一段332-7號已打烊,,2026-09-28 04:27
赫茉美學概念空間-北屯太順店,台中市北屯區,皮膚管理,營業中,太順路45號營業中,,2026-09-28 04:27
DUDUHO BEAUTY皮膚管理工作室,台中市北屯區,皮膚管理,未知,松竹路一段1328號2樓,,2026-09-28 04:27
CYA:N 希恩韓式皮膚管理,台中市北屯區,皮膚管理,未知,庄美街135號40624 小時營業,,2026-09-28 04:27
澄玥美學Spa（皮膚管理專家.spa按摩.）,台中市北屯區,皮膚管理,營業中,崇德五路148號營業中,,2026-09-28 04:27
奈里美學－韓式皮膚管理｜日式睫毛｜自然霧眉｜新娘秘書｜古法挽面｜美容做臉保養｜台中北屯區｜捷運文心崇德站,台中市北屯區,皮膚管理,營業中,青島路四段49號營業中,,2026-09-28 04:27
M.studio美肌專科 北屯店,台中市北屯區,皮膚管理,未知,和福路189號,,2026-09-28 04:27
歐沫沫𝘚𝘬𝘪𝘯 𝘤𝘢𝘳𝘦,台中市北屯區,皮膚管理,營業中,軍功路二段246號營業中,,2026-09-28 04:27
NIの皮膚療癒所 |預約制|皮膚護理|客製芳療|身心療癒|限時塔羅|,台中市北屯區,皮膚管理,休息中/未營業,北屯路56巷56號已打烊,,2026-09-28 04:27
Yuma SkinCare丨撥筋美容丨深層清潔丨客制化皮膚管理,台中市北屯區,皮膚管理,營業中,敦化路一段627號營業中,,2026-09-28 04:27
Nydia Beauty Therapy 皮膚管理/熱蠟美肌(預約制),台中市北屯區,皮膚管理,營業中,興安路二段461巷56號營業中,,2026-09-28 04:27
T SHOP Burden Zero 九德旗艦店,台中市烏日區,醫美,營業中,"1樓, No. 189號興祥街營業中",04 2337 5925,2026-09-28 04:27
美圖診所,台中市烏日區,醫美,休息中/未營業,建國路415號維新建國院區1樓已打烊,04 2336 8266,2026-09-28 04:27
美麗肌秘 아름다운 비밀,台中市烏日區,醫美,營業中,大同路109號營業中,0988 091 727,2026-09-28 04:27
結婚小鎮-醫美諮詢專櫃,台中市烏日區,醫美,未知,高鐵路三段168號即將開始營業,,2026-09-28 04:27
寀綾時尚美學 Tsai Ling Beauty Studio,台中市烏日區,醫美,營業中,長春街225號營業中,0955 562 352,2026-09-28 04:27
K.B.S時尚美學,台中市烏日區,醫美,休息中/未營業,公園路85號已打烊,04 2336 2139,2026-09-28 04:27
NU熱蠟美肌｜台中除毛｜專業蘊髮｜台中烏日南區北屯區熱蠟除美肌 孕婦除毛 巴西式除毛,台中市北屯區,醫美,營業中,中華路96巷41弄2號3樓營業中,,2026-09-28 04:27
愛美姬時尚美學 | 深夜 烏日 美甲美睫做臉．清粉刺 霧眉紋繡．無痛除毛．藻針護膚．新秘彩妝．采耳耳燭,台中市烏日區,醫美,營業中,中山路一段414號營業中,0983 821 822,2026-09-28 04:27
彤美人美容美體莊園,台中市烏日區,醫美,營業中,中華路203巷1弄5號營業中,04 2338 4880,2026-09-28 04:27
Ollie_beauty,台中市烏日區,醫美,營業中,健行南路17號8-2營業中,0936 773 413,2026-09-28 04:27
金鑽車身醫美,台中市烏日區,醫美,營業中,高鐵路一段11號營業中,0938 782 368,2026-09-28 04:27
痘痘順氣美學師-台中店,台中市烏日區,醫美,未知,公園路698號即將開始營業,,2026-09-28 04:27
金田勤耘聯合診所 l 楊子緯胃腸肝膽科(附設減重. 胃腸鏡. 超音波) l 郭康凌皮膚科 (附設醫學美容),台中市烏日區,醫美,休息中/未營業,高工路66號已打烊,04 2265 3666,2026-09-28 04:27
順馨診所,台中市烏日區,醫美,營業中,中山路二段297號即將打烊：12:00,04 2336 0115,2026-09-28 04:27
李子美學診所｜醫美/減重專門,台中市烏日區,醫美,休息中/未營業,文心南五路一段275號已打烊,04 2473 3531,2026-09-28 04:27
亮羿時尚美容/美體/肌膚管理,台中市烏日區,醫美,營業中,僑仁街33號營業中,04 2336 2078,2026-09-28 04:27
松群診所,台中市烏日區,醫美,營業中,公園路88號營業中,04 2338 6690,2026-09-28 04:27
神農皮膚科診所,台中市烏日區,醫美,休息中/未營業,中山路一段400號已打烊,04 2338 0101,2026-09-28 04:27
慈祐診所/復健科/X光檢查/精準徒手/汽機車體檢,台中市烏日區,醫美,營業中,中山路一段548號營業中,04 2336 8633,2026-09-28 04:27
順祥醫學檢驗,台中市烏日區,醫美,營業中,"光日路414號號, No. 139營業中",0913 929 968,2026-09-28 04:27
愛麗絲時尚美學,台中市烏日區,美學,營業中,中山路一段337號營業中,,2026-09-28 04:27
斯朵利美甲美學概念館(台中烏日店）,台中市烏日區,美學,未知,中山路一段397號,,2026-09-28 04:27
晏暘美學,台中市烏日區,美學,營業中,高鐵二路225號1樓營業中,,2026-09-28 04:27
花沛肌膚美學館-臺中烏日-烏日精油按摩|修腳皮|全身指/油壓|經絡按摩|修腳指甲|舒壓按摩|SPA推薦|SPA按摩,台中市烏日區,美學,營業中,高鐵二路221號營業中,,2026-09-28 04:27
朵莯SPA美學,台中市烏日區,美學,營業中,環河路四段200號2樓營業中,,2026-09-28 04:27
宣姸美髮美學,台中市烏日區,美學,營業中,中華路374-1號營業中,,2026-09-28 04:27
妃薾瑪時尚美學 美甲教學/半永久霧眉/美甲/眉毛淡色/美睫/新娘秘書,台中市烏日區,美學,營業中,健行南一路63號營業中,,2026-09-28 04:27
尹斐美學,台中市烏日區,美學,營業中,溪南路一段126巷213弄19號營業中,,2026-09-28 04:27
HAP美學/熱蠟美肌、美顏做臉、蘊髮管理、腹部胸部保養、假體保養（預約制）台中/南區/南屯/烏日/大里/彰化,台中市烏日區,美學,營業中,三榮路一段407號營業中,,2026-09-28 04:27
莫莉美學-台中美睫/美甲/除毛/霧眉/採耳,台中市烏日區,美學,營業中,三民街162號營業中,,2026-09-28 04:27
婕蕬美學Jessie Studio｜手足美甲｜妝感霧眉,台中市烏日區,美學,未知,高鐵一路336號2樓,,2026-09-28 04:27
女王美甲藝術沙龍_台中總店/咩咩猴美學/台中高鐵美甲/烏日美甲/台中美甲/彰化美甲/南區美甲/美甲全科班/台中美甲教學/,台中市烏日區,美學,未知,中華路262號,,2026-09-28 04:27
果妍美學苑 Going beauty,台中市烏日區,美學,營業中,中山路一段210巷18號營業中,,2026-09-28 04:27
她她美學 Hsu & She Studio /美甲/美睫/睫毛管理/霧眉/水晶嘟嘟唇/花藝,台中市烏日區,美學,營業中,溪南路一段350號1F(後門營業中,,2026-09-28 04:27
睫語星光美學,台中市烏日區,美學,營業中,高鐵三路17號營業中,,2026-09-28 04:27
蓁澄美學,台中市烏日區,美學,未知,中山路二段216號,,2026-09-28 04:27
昕潮時尚美學,台中市烏日區,美學,營業中,五光路998號營業中,,2026-09-28 04:27
範美學沙龍 ｜一人服務預約制｜烏日美髮推薦｜高鐵特區美髮｜烏日燙髮｜烏日水霧染｜白髮處理專門,台中市烏日區,美學,休息中/未營業,三榮北路98號已打烊,,2026-09-28 04:27
川の美學/半永久紋繡/熱蠟美肌/耳燭SPA,台中市烏日區,美學,未知,高鐵二路265號即將開始營業,,2026-09-28 04:27
娜娜時尚美學（美睫、紋繡）,台中市烏日區,美學,未知,環河路三段736巷10號,,2026-09-28 04:27
八寶空間美學 台中店,台中市烏日區,美學,營業中,高鐵六路7號5F-2營業中,,2026-09-28 04:27
緹芙雅精緻美學,台中市烏日區,美學,未知,光德路295號,,2026-09-28 04:27
露琺意 LùVaîi 台中烏日店,台中市烏日區,肌膚管理,營業中,健行路777號營業中,,2026-09-28 04:27
艾比spa-烏日精油按摩｜spa推薦｜推薦護膚｜臉部專業保養｜,台中市烏日區,肌膚管理,營業中,仁德街102號營業中,,2026-09-28 04:27
A & B 肌膚健康管理 台中烏日店#痘痘#男女做臉#台中烏日#斑點#脈輪耳燭#紋綉#敏感肌#脈輪精油#筋膜刀#背部溫感理療#腹腔暖宮spa,台中市烏日區,肌膚管理,營業中,溪南路一段460巷358弄19號營業中,,2026-09-28 04:27
斯朵利美研spa(台中烏日店),台中市烏日區,肌膚管理,營業中,中山路一段397號1樓營業中,,2026-09-28 04:27
水漾spa仕女生活館(清粉刺／精油按摩／熱蠟美肌),台中市烏日區,肌膚管理,營業中,中華路190號營業中,,2026-09-28 04:27
煦 美學 Apricity Studio| 台中南區做臉 |肌膚保養|清粉刺|臉部撥筋,台中市烏日區,肌膚管理,營業中,文林街33巷26號營業中,,2026-09-28 04:27
佐登妮絲專業SPA_烏日中山店,台中市烏日區,肌膚管理,營業中,中華路566號營業中,,2026-09-28 04:27
蔓活肌膚管理美學中心｜南區總店,台中市烏日區,肌膚管理,未知,工學路157-1號2樓即將開始營業,,2026-09-28 04:27
SEE .ME 美容肌膚管理,台中市烏日區,肌膚管理,營業中,南和路175號營業中,,2026-09-28 04:27
Lirios 美學中心,台中市烏日區,肌膚管理,休息中/未營業,美村南路173巷10號已打烊,,2026-09-28 04:27
C美睫、皮膚管理,台中市烏日區,肌膚管理,未知,日新街25號,,2026-09-28 04:27
Renacido 懂妳養膚｜粉刺調理・皮膚管理・霧唇,台中市烏日區,肌膚管理,未知,高鐵路二段,,2026-09-28 04:27
清美百貨行 資生堂碧麗妃專門店 (修眉毛 化妝 護膚 做臉 耳燭 繡學號 拆學號 華歌爾內衣 百力學生制服）,台中市烏日區,肌膚管理,營業中,中山路一段403號1樓營業中,,2026-09-28 04:27
質菲雅國際美容機構(台中烏日店),台中市烏日區,肌膚管理,休息中/未營業,中華路586號已打烊,,2026-09-28 04:27
英和診所-感冒-腸胃-皮膚-外科-慢性病烏日診所推薦,台中市烏日區,皮膚科,營業中,中山路一段367號即將打烊：12:00,04 2337 6998,2026-09-28 04:27
彰銘皮膚,台中市烏日區,皮膚科,休息中/未營業,光日路366號已打烊,04 2336 4221,2026-09-28 04:27
郭康凌皮膚科丨金田勤耘聯合診所丨附設醫學美容,台中市烏日區,皮膚科,休息中/未營業,高工路66號已打烊,04 2265 3666,2026-09-28 04:27
袁上雯皮膚科診所,台中市烏日區,皮膚科,營業中,高工路325號即將打烊：12:00,04 2265 2000,2026-09-28 04:27
藍毅生診所,台中市烏日區,整形外科,營業中,中山路一段349號即將打烊：12:00,04 2336 8180,2026-09-28 04:27
明道診所,台中市烏日區,整形外科,營業中,三民街149號即將打烊：12:00,04 2337 2295,2026-09-28 04:27
陳孟正診所,台中市烏日區,整形外科,營業中,長春街170號即將打烊：12:00,04 2337 1686,2026-09-28 04:27
劉耀宜診所,台中市烏日區,整形外科,營業中,信義街167號即將打烊：12:00,04 2338 5193,2026-09-28 04:27
薇風整形外科診所,台中市烏日區,整形外科,休息中/未營業,工學路8之3號已打烊,04 2260 7228,2026-09-28 04:27
烏日林新醫院,台中市烏日區,整形外科,未知,榮和路168號24 小時營業,04 2338 8766,2026-09-28 04:27
烏日林新健康管理中心,台中市烏日區,整形外科,營業中,榮和路168號5樓營業中,04 2338 3956,2026-09-28 04:27
優妮診所,台中市烏日區,整形外科,營業中,忠明南路760號1樓營業中,04 2260 9089,2026-09-28 04:27
文星外科診所(採現場掛號),台中市烏日區,整形外科,營業中,"號 No, No. 951文心南路即將打烊：12:00",04 2263 6645,2026-09-28 04:27
全能家庭醫學科診所,台中市烏日區,診所,營業中,公園路240號即將打烊：12:00,04 2336 2629,2026-09-28 04:27
欣祥診所,台中市烏日區,診所,營業中,興祥街71號即將打烊：12:00,04 2336 7337,2026-09-28 04:27
蔣偉文診所,台中市烏日區,診所,營業中,三榮路一段356號即將打烊：12:00,04 2337 4922,2026-09-28 04:27
惠心聯合診所,台中市烏日區,診所,營業中,中山路二段97號即將打烊：12:00,04 2338 1162,2026-09-28 04:27
施建成診所,台中市烏日區,診所,營業中,中山路一段455號即將打烊：12:00,04 2336 3590,2026-09-28 04:27
永安明道診所【胃腸肝膽專科、內科、無痛胃腸鏡、BC肝追蹤治療，糖尿病照護、內痔結紮術】,台中市烏日區,診所,營業中,中山路一段431號即將打烊：12:00,04 2338 0868,2026-09-28 04:27
鐘耳鼻喉科診所,台中市烏日區,診所,營業中,中山路二段180號即將打烊：12:00,04 2337 6530,2026-09-28 04:27
德昌小兒科診所,台中市烏日區,診所,營業中,中山路一段335號即將打烊：12:00,04 2337 2686,2026-09-28 04:27
明仁診所,台中市烏日區,診所,營業中,溪南路一段702號即將打烊：12:00,04 2335 4232,2026-09-28 04:27
佳康診所,台中市烏日區,診所,營業中,溪南路一段562號即將打烊：12:00,04 2335 3332,2026-09-28 04:27
宗益身心醫學診所,台中市烏日區,診所,營業中,公園路75號即將打烊：12:00,04 2338 0503,2026-09-28 04:27
鄭昭弘診所,台中市烏日區,診所,營業中,溪南路一段409號即將打烊：12:00,04 2335 2721,2026-09-28 04:27
仁仁家庭醫學科診所,台中市烏日區,診所,營業中,中山路二段43號即將打烊：12:00,04 2337 7695,2026-09-28 04:27
上杉診所 ｜台中｜ 肝膽腸胃專科 ｜ 無痛腸胃鏡 ｜ 肝膽胰甲狀腺超音波 ｜痔瘡冷凝刀｜ 減重,台中市烏日區,診所,營業中,612號 公益路二段即將打烊：12:00,04 2254 8606,2026-09-28 04:27
劉耳鼻喉科診所,台中市烏日區,診所,休息中/未營業,信義街164巷32號已打烊,04 2338 4438,2026-09-28 04:27
明陽小兒科診所,台中市烏日區,診所,營業中,中山路一段359號即將打烊：12:00,04 2336 1483,2026-09-28 04:27
信安診所-透析中心,台中市烏日區,診所,未知,"6樓 No. 548號, No. 566中山路一段04 2337 7397",,2026-09-28 04:27
王國華婦產科暨婦女泌尿中心,台中市烏日區,泌尿科,營業中,春安二街2號即將打烊：12:00,04 2254 8584,2026-09-28 04:27
泌尿科,台中市烏日區,泌尿科,未知,台中市烏日區,,2026-09-28 04:27
謝政融診所,台中市烏日區,泌尿科,未知,信義街202號04 2338 7071,,2026-09-28 04:27
日欣診所洗腎中心,台中市烏日區,泌尿科,營業中,"1F No, No. 242號公園路營業中",04 2338 6522,2026-09-28 04:27
林新醫療社團法人林新醫院,台中市烏日區,泌尿科,未知,惠中路三段36號24 小時營業,04 2258 6688,2026-09-28 04:27
李啟澤診所,台中市烏日區,泌尿科,營業中,高工路258號即將打烊：12:00,04 2262 1960,2026-09-28 04:27
烏日澄清醫院,台中市烏日區,泌尿科,營業中,光明路419號營業中,04 2337 6232,2026-09-28 04:27
林新醫院-復健科,台中市烏日區,骨科,未知,台中市烏日區,,2026-09-28 04:27
平和整復所,台中市烏日區,骨科,休息中/未營業,中華路482號已打烊,04 2336 4987,2026-09-28 04:27
文聖診所,台中市烏日區,骨科,營業中,復興路一段368號即將打烊：12:00,04 2263 5958,2026-09-28 04:27
烏日林新產後護理之家,台中市烏日區,婦產科,營業中,榮和路168號5樓營業中,04 2338 7866,2026-09-28 04:27
J spa美容美體療癒所,台中市烏日區,醫學美容,未知,長春街229號2樓,,2026-09-28 04:27
毛貓個人工作室·舒壓按摩·熱蠟·耳燭·日式美睫,台中市烏日區,美容,營業中,溪南路一段197巷100號營業中,,2026-09-28 04:27
恬適時光 Spa salon 美容舒壓館,台中市烏日區,美容,營業中,光日路1號營業中,,2026-09-28 04:27
Spa-yoba約吧個人工作室,台中市烏日區,美容,營業中,新興路473號1樓營業中,,2026-09-28 04:27
斯朵利髮型 台中烏日店,台中市烏日區,美容,營業中,中山路一段397號營業中,,2026-09-28 04:27
秋 Studio｜台中烏日美甲,台中市烏日區,美容,營業中,九德街152號營業中,,2026-09-28 04:27
美潔時光(採預約制)-台中烏日美睫｜日式手法稼接｜3D美睫,台中市烏日區,美容,未知,信義街193巷61弄3號24 小時營業,,2026-09-28 04:27
永滿技術美髮（一人服務需採預約制網路預約請私訊ig）/烏日燙髮推薦/烏日染髮推薦/烏日頭皮推薦/烏日男生韓式燙髮/烏日挑染推薦/烏日剪髮推薦,台中市烏日區,美容,營業中,興祥街20巷29號營業中,,2026-09-28 04:27
歪歪髮廊 YYhairsalon（預約請加Line 不提供電話預約）,台中市烏日區,美容,營業中,中華路544號營業中,,2026-09-28 04:27
純粹皮膚管理魔術增髮,台中市烏日區,皮膚管理,未知,健行北路76號1 -3樓24 小時營業,,2026-09-28 04:27
美美拾肌-烏日做臉推薦|皮膚管理|美容護膚|粉刺清潔|肉芽肉痣|脂肪球|酒糟I汗管瘤|,台中市烏日區,皮膚管理,營業中,健行北路70號5樓之3營業中,,2026-09-28 04:27
M+Beauty 皮膚管理｜芳療SPA,台中市烏日區,皮膚管理,營業中,春安二街78號2樓營業中,,2026-09-28 04:27
OGSKINn9 台中皮膚管理｜精油按摩,台中市烏日區,皮膚管理,營業中,大墩路693號營業中,,2026-09-28 04:27
Kiki beauty肌膚管理,台中市烏日區,皮膚管理,營業中,干城街293號營業中,,2026-09-28 04:27
台中大肚海線做臉清粉刺推薦／魔妍堂moyantang／霧眉／眼線／紋唇,台中市大肚區,醫美,營業中,自由路270-2號營業中,,2026-09-28 04:27
明星美妍教學苑,台中市大肚區,醫美,營業中,王福街855號營業中,0983 276 708,2026-09-28 04:27
安穆美學診所 台中醫美診所推薦_黑眼圈、蝴蝶電波、鳳凰電波、肉毒、肉毒、皮秒雷射、海神除毛、玻尿酸,台中市大肚區,醫美,營業中,大業路379號營業中,04 2251 6030,2026-09-28 04:27
想美容美體新娘秘書工作室,台中市大肚區,醫美,營業中,德路131巷1號營業中,0921 657 514,2026-09-28 04:27
Zoey Beauty日式美肌淨毛｜台中東海本館,台中市大肚區,醫美,未知,遊園路二段181巷1弄5號2F即將開始營業,,2026-09-28 04:27
美怡雅時尚美學(賴政光)|彰化醫美|瘦瘦針,台中市大肚區,醫美,營業中,彰南路一段433號2樓營業中,04 737 3077,2026-09-28 04:27
大度診所,台中市大肚區,醫美,營業中,沙田路二段621號即將打烊：12:00,04 2699 3637,2026-09-28 04:27
禾伊美學診所 南屯龍富院,台中市大肚區,醫美,營業中,龍富十八路150號營業中,04 2328 0618,2026-09-28 04:27
麗之舍美容美體～大肚店,台中市大肚區,醫美,營業中,自治路67號營業中,04 2698 2752,2026-09-28 04:27
36朵美學studio｜紋繡｜採耳｜熱蠟,台中市大肚區,醫美,營業中,文昌路一段133巷6號營業中,0936 566 568,2026-09-28 04:27
微風診所-台中醫美診所推薦,台中市大肚區,醫美,營業中,精科路116號營業中,04 2359 0900,2026-09-28 04:27
上圓IHT美日台難治性整復館,台中市大肚區,醫美,營業中,沙田路二段462號營業中,04 2699 0607,2026-09-28 04:27
曼美雅古方頭湯紓理-大肚店/沐享工作室,台中市大肚區,醫美,休息中/未營業,仁德路76巷1-1號已打烊,0902 257 008,2026-09-28 04:27
維美醫學整形外科診所,台中市大肚區,醫美,休息中/未營業,臺灣大道三段660號2樓已打烊,04 2452 0808,2026-09-28 04:27
睿豊診所–台中南區診所推薦|外傷|燙傷|復健|感冒|皮膚|醫美皮秒微針電音波|甲溝炎（凍甲）11：30及19：30止掛,台中市大肚區,醫美,休息中/未營業,建國南路一段261號已打烊,04 2260 8588,2026-09-28 04:27
沐葳美學診所（週四公休）,台中市大肚區,醫美,休息中/未營業,育賢路356號已打烊,04 2393 2757,2026-09-28 04:27
七期時尚診所 台中醫美/皮秒雷射/玻尿酸/肉毒/閨蜜電波/海芙音波,台中市大肚區,醫美,營業中,惠來路一段175號營業中,04 2251 9123,2026-09-28 04:27
悠咪診所,台中市大肚區,醫美,營業中,華美西街一段86號2樓營業中,04 2321 2729,2026-09-28 04:27
甄愛美容,台中市大肚區,醫美,營業中,復興北路512號12F之1營業中,0989 892 885,2026-09-28 04:27
Cindy美學館,台中市大肚區,美學,營業中,自治路64巷14號營業中,,2026-09-28 04:27
伊美學（美甲、霧眉、眉毛、眼睫毛）,台中市大肚區,美學,營業中,沙田路一段519號1樓營業中,,2026-09-28 04:27
WY薇韻美學工作室,台中市大肚區,美學,營業中,大德六街15巷2號營業中,,2026-09-28 04:27
Oct沁美學,台中市大肚區,美學,未知,平等街121號3 樓,,2026-09-28 04:27
真美學工作室,台中市大肚區,美學,營業中,中蔗路2之48號營業中,,2026-09-28 04:27
氧憩SPA美學《推薦做臉》大肚區無痛清粉刺｜護膚保養｜身體spa｜熱蠟除毛｜身體調理｜男女精油按摩｜專業芳療師,台中市大肚區,美學,營業中,中沙路164巷4弄98號營業中,,2026-09-28 04:27
育菁造型美學,台中市大肚區,美學,營業中,自由路293號營業中,,2026-09-28 04:27
Kaite 美學,台中市大肚區,美學,營業中,沙田路二段623號營業中,,2026-09-28 04:27
愷悅美學,台中市大肚區,美學,未知,興和路203號205號,,2026-09-28 04:27
愛瑪美學沙龍,台中市大肚區,美學,營業中,遊園路二段144號營業中,,2026-09-28 04:27
廢廢·工作室,台中市大肚區,美學,營業中,太平路8-3號營業中,,2026-09-28 04:27
台中市生活藝能美學協進會,台中市大肚區,美學,營業中,華昌街109號營業中,,2026-09-28 04:27
鑫美學美容,台中市大肚區,美學,未知,自治路106號,,2026-09-28 04:27
沐美學,台中市大肚區,美學,未知,學府路168巷5號一樓,,2026-09-28 04:27
卓恩美學/東海,台中市大肚區,美學,營業中,台灣大道五段3巷42弄30號營業中,,2026-09-28 04:27
翌菲凡美學沙龍,台中市大肚區,美學,未知,沙田路一段329號,,2026-09-28 04:27
Hosyu禾煦美學 台中市政店,台中市大肚區,美學,營業中,黎明路二段860巷57號營業中,,2026-09-28 04:27
沐樂美學概念館-台中,台中市大肚區,美學,營業中,公益路二段6號2樓之1營業中,,2026-09-28 04:27
WOO 霧美學 | 妝感霧眉 自然柔霧唇,台中市大肚區,美學,營業中,大容西街6號營業中,,2026-09-28 04:27
【 維納斯美學 VENUS STUDIO 】｜台中霧眉 飄眉 霧唇 眼線 霧眉推薦 霧唇推薦,台中市大肚區,美學,營業中,太原路一段144號營業中,,2026-09-28 04:27
莘芍美學cinshine 嶺東美甲/台中霧眉/飄霧眉/霧唇/髮際線/熱臘除毛/睫毛管理/皮膚管理/南屯做臉/日式美睫/南屯美睫《預約制》,台中市大肚區,美學,營業中,建功路21號營業中,,2026-09-28 04:27
輕齡小資美學診所,台中市大肚區,美學,休息中/未營業,大業路272之1號已打烊,,2026-09-28 04:27
Grace Ideal,台中市大肚區,肌膚管理,營業中,保安五街17號2F-3營業中,,2026-09-28 04:27
naturalplan.sc自㜣派,台中市大肚區,肌膚管理,營業中,大業路272號營業中,,2026-09-28 04:27
芸芸肌膚美學,台中市大肚區,肌膚管理,休息中/未營業,沙田路六段315之10號已打烊,,2026-09-28 04:27
SCONAS - 時空三十 敏弱肌的守護者 （初熟齡肌膚領導品牌）,台中市大肚區,肌膚管理,營業中,沙田路三段31號營業中,,2026-09-28 04:27
美容紋綉小仙 | 皮膚管理｜老人斑 ｜除疤｜霧眉｜霧唇｜眉唇淡色｜清粉刺｜縮毛孔,台中市大肚區,肌膚管理,營業中,王福街130巷38號營業中,,2026-09-28 04:27
KissFace清臉-肌膚管理,台中市大肚區,肌膚管理,休息中/未營業,民族路二段10號1樓已打烊,,2026-09-28 04:27
Beauty face肌膚管理,台中市大肚區,肌膚管理,休息中/未營業,瑞和街31號已打烊,,2026-09-28 04:27
沛蓁紋繡美睫工作室 ，霧眉毛，霧唇 ，眼線， 保養皮膚，睫毛,台中市大肚區,肌膚管理,營業中,遊園路一段89巷48號號營業中,,2026-09-28 04:27
蓓朵美學Pdbeauty,台中市大肚區,肌膚管理,營業中,惠安巷114號營業中,,2026-09-28 04:27
SUFU SPA,台中市大肚區,肌膚管理,營業中,永春東一路411號營業中,,2026-09-28 04:27
百健內兒科診所,台中市大肚區,皮膚科,營業中,沙田路二段614號即將打烊：12:00,04 2699 9920,2026-09-28 04:27
彭士能診所,台中市大肚區,皮膚科,營業中,沙田路三段45號即將打烊：12:00,04 2699 8769,2026-09-28 04:27
台中大肚專業洗腎/腎臟科 合安診所,台中市大肚區,皮膚科,營業中,沙田路二段780號五樓營業中,04 2699 0505,2026-09-28 04:27
蔡振昌耳鼻喉科診所,台中市大肚區,皮膚科,營業中,文昌路一段38號即將打烊：12:00,04 2699 5566,2026-09-28 04:27
燦軒耳鼻喉康健診所（原李岡燦耳鼻喉）,台中市大肚區,皮膚科,營業中,沙田路三段61號即將打烊：12:00,04 2699 0460,2026-09-28 04:27
光華診所,台中市大肚區,皮膚科,營業中,遊園路二段255號即將打烊：12:00,04 2691 0451,2026-09-28 04:27
易昇診所,台中市大肚區,皮膚科,營業中,遊園路二段188號即將打烊：12:00,04 2691 6066,2026-09-28 04:27
培安診所,台中市大肚區,皮膚科,未知,沙田路一段404號04 2693 5789,,2026-09-28 04:27
悅亘診所（原晨亘/原緯廷耳鼻喉科）-主治各種皮膚/耳鼻喉疾患,台中市大肚區,皮膚科,營業中,臺灣大道五段107號即將打烊：12:00,04 2652 4750,2026-09-28 04:27
魏嘉慶全家 家醫皮膚 診所,台中市大肚區,皮膚科,營業中,台灣大道五段109巷29號即將打烊：12:00,04 2633 0053,2026-09-28 04:27
賴柏如皮膚專科診所,台中市大肚區,皮膚科,營業中,彰南路二段196-3號即將打烊：12:00,04 738 8606,2026-09-28 04:27
其安診所,台中市大肚區,皮膚科,營業中,沙田路一段404號即將打烊：12:00,04 2693 5789,2026-09-28 04:27
美麗華皮件工業股份有限公司,台中市大肚區,皮膚科,休息中/未營業,沙田路二段308巷8-1號已打烊,04 2699 3003,2026-09-28 04:27
陳仁傑,台中市大肚區,皮膚科,未知,遊園路二段206號04 2691 4188,,2026-09-28 04:27
弘悅皮膚科診所,台中市大肚區,皮膚科,營業中,西屯路三段159-15號即將打烊：12:00,04 2461 0600,2026-09-28 04:27
林俊樑皮膚科診所（下診前十分鐘止掛）,台中市大肚區,皮膚科,營業中,黎明路一段1106號即將打烊：12:00,04 2382 3885,2026-09-28 04:27
何秋燕皮膚科診所-酒糟肌、蠕形蟎蟲檢測、落髮、減重、青春痘、藍雷射、各種皮膚問題 (Dr. Ho Chiu-Yen Dermatology Clinic),台中市大肚區,皮膚科,營業中,沙田路53之5號即將打烊：12:00,04 2636 2982,2026-09-28 04:27
大肚區衛生所,台中市大肚區,皮膚科,營業中,榮華街1號營業中,04 2699 2111,2026-09-28 04:27
臺中榮民總醫院整形外科,台中市大肚區,整形外科,未知,台灣大道四段1650號門診前棟5樓04 2359 2525,,2026-09-28 04:27
全方位整形外科診所,台中市大肚區,整形外科,營業中,中正路二段825號營業中,080 022 6388,2026-09-28 04:27
花之妍美形外科診所,台中市大肚區,整形外科,休息中/未營業,黎明路三段285號已打烊,04 2452 8530,2026-09-28 04:27
佑美外科診所。再生修復。微整。雷射。醫學美容,台中市大肚區,整形外科,營業中,大業路562號營業中,04 2259 1337,2026-09-28 04:27
健全曼哈頓美學診所-台中分院,台中市大肚區,整形外科,營業中,大業路179號營業中,04 2329 3657,2026-09-28 04:27
欣民診所,台中市大肚區,診所,營業中,沙田路二段625號1樓即將打烊：12:00,04 2698 3481,2026-09-28 04:27
小林診所,台中市大肚區,診所,營業中,沙田路二段723號即將打烊：12:00,04 2699 8489,2026-09-28 04:27
大肚天佑內小兒科診所,台中市大肚區,診所,營業中,沙田路一段510號即將打烊：12:00,04 2693 0035,2026-09-28 04:27
自強診所,台中市大肚區,診所,營業中,遊園路二段206號即將打烊：12:00,04 2691 4188,2026-09-28 04:27
宜和眼科診所,台中市大肚區,診所,營業中,沙田路三段126號即將打烊：12:00,04 2699 7060,2026-09-28 04:27
黃德金,台中市大肚區,診所,未知,沙田路二段621號04 2699 3637,,2026-09-28 04:27
幼安診所,台中市大肚區,診所,未知,沙田路一段404號,,2026-09-28 04:27
嶺東診所,台中市大肚區,診所,營業中,嶺東南路157號1樓即將打烊：12:00,04 2380 9925,2026-09-28 04:27
真善美復能物理治療所,台中市大肚區,診所,營業中,自由路218號即將打烊：12:00,04 2699 0005,2026-09-28 04:27
林診所,台中市大肚區,診所,營業中,遊園南路450巷56號即將打烊：12:00,04 2631 6743,2026-09-28 04:27
張志鵬泌尿科診所,台中市大肚區,泌尿科,休息中/未營業,中正路一段412號已打烊,04 720 0192,2026-09-28 04:27
崇安診所（臺大｜榮總｜澄清專科醫師，小兒｜耳鼻喉感冒｜腸胃疾病，慢性病｜焦慮失眠，猛健樂｜週纖達｜專業減重，關節注射｜增生療法，龍井診所推薦）,台中市大肚區,泌尿科,營業中,遊園南路199號即將打烊：12:00,04 2652 5927,2026-09-28 04:27
忠勇診所,台中市大肚區,泌尿科,營業中,"No. 67-3, 忠勇路即將打烊：12:00",04 2382 6625,2026-09-28 04:27
王欽耀診所（每診掛號至休診前10分鐘）,台中市大肚區,泌尿科,營業中,忠勇路43之2號即將打烊：12:00,04 2383 2245,2026-09-28 04:27
瑞東診所 糖尿病健康促進機構 附設血液透析中心,台中市大肚區,泌尿科,營業中,文山三街133巷11號即將打烊：12:00,04 2389 2301,2026-09-28 04:27
林介山泌尿科皮膚科診所,台中市大肚區,泌尿科,營業中,長興街52號即將打烊：12:00,04 723 9666,2026-09-28 04:27
祐晟診所,台中市大肚區,泌尿科,營業中,國際街111號即將打烊：12:00,04 2632 6408,2026-09-28 04:27
大容診所,台中市大肚區,泌尿科,營業中,大容東街14號即將打烊：12:30,04 2328 8521,2026-09-28 04:27
達德傳統(骨傷)推拿整復,台中市大肚區,骨科,營業中,育英路60號即將打烊：12:00,04 2698 1897,2026-09-28 04:27
大肚推拿,台中市大肚區,骨科,未知,沙田路三段71號,,2026-09-28 04:27
港區復康診所︱骨科、復健、兒童早療,台中市大肚區,骨科,營業中,自強路301號2樓-1營業中,04 2636 6680,2026-09-28 04:27
神鋒國術館,台中市大肚區,骨科,休息中/未營業,遊園路二段142號已打烊,04 2691 2088,2026-09-28 04:27
錦文骨科診所,台中市大肚區,骨科,營業中,鎮南路二段437-1號即將打烊：12:00,04 2635 9668,2026-09-28 04:27
王衍宗骨科診所,台中市大肚區,骨科,營業中,大新街12-6號即將打烊：12:00,04 2663 3706,2026-09-28 04:27
安程骨科診所｜嚴可倫醫師｜台中海線骨科｜關節退化｜脊椎疾患｜骨鬆肌少｜兒童骨齡｜運動傷害｜疼痛控制,台中市大肚區,骨科,休息中/未營業,建國路82號已打烊,04 2626 2682,2026-09-28 04:27
益昇物理治療所,台中市大肚區,骨科,營業中,新興路51-9號即將打烊：12:00,04 2632 2688,2026-09-28 04:27
行健骨科診所 Walkwell Clinic,台中市大肚區,骨科,營業中,永春東路341號即將打烊：12:00,04 2473 3643,2026-09-28 04:27
崇祐診所,台中市大肚區,骨科,休息中/未營業,新興路45之2號已打烊,04 2632 1081,2026-09-28 04:27
陸婦產科診所,台中市大肚區,婦產科,休息中/未營業,新興路45-3號已打烊,04 2652 0695,2026-09-28 04:27
魏重耀婦產科診所,台中市大肚區,婦產科,休息中/未營業,鎮南路二段418號已打烊,04 2631 6988,2026-09-28 04:27
三神生殖中心,台中市大肚區,婦產科,營業中,向上路七段127號b 棟 2 樓營業中,,2026-09-28 04:27
禾馨安和婦幼診所暨禾馨台中產後護理之家,台中市大肚區,婦產科,營業中,安和路118-18號即將打烊：12:30,04 2358 5333,2026-09-28 04:27
慈銘婦產科診所,台中市大肚區,婦產科,休息中/未營業,中興街35-5號已打烊,04 2622 1660,2026-09-28 04:27
舒安婦產科診所,台中市大肚區,婦產科,營業中,中山路161之1號即將打烊：12:30,04 2663 0216,2026-09-28 04:27
博仁診所(龍井),台中市大肚區,婦產科,休息中/未營業,沙田路五段45號已打烊,04 2635 2253,2026-09-28 04:27
許煥澤婦產科診所,台中市大肚區,婦產科,休息中/未營業,中山路449之2號已打烊,04 2662 5511,2026-09-28 04:27
王厚坤診所,台中市大肚區,婦產科,休息中/未營業,中正路一段154號已打烊,04 726 8695,2026-09-28 04:27
薇安婦產科診所,台中市大肚區,婦產科,營業中,永春東路242號1樓即將打烊：13:00,04 2473 3966,2026-09-28 04:27
光田綜合醫院向上院區,台中市大肚區,婦產科,未知,向上路七段127號24 小時營業,04 2662 5111,2026-09-28 04:27
惠聖診所,台中市大肚區,婦產科,休息中/未營業,中正路一段432號已打烊,04 722 2699,2026-09-28 04:27
許權傑婦產科家庭醫學科診所,台中市大肚區,婦產科,休息中/未營業,忠孝路9號已打烊,04 799 5100,2026-09-28 04:27
臺中榮總婦女醫學部,台中市大肚區,婦產科,未知,臺灣大道四段1650號,,2026-09-28 04:27
周肇銘診所,台中市大肚區,婦產科,營業中,中山路二段394號即將打烊：12:20,04 2533 5451,2026-09-28 04:27
世民美妍,台中市大肚區,醫學美容,營業中,河南路二段411號2樓營業中,04 2708 3479,2026-09-28 04:27
浮生美容美體,台中市大肚區,美容,營業中,沙田路二段441號2樓營業中,,2026-09-28 04:27
桑 shan_day,台中市大肚區,美容,未知,文昌路一段22號2樓,,2026-09-28 04:27
普普美髮,台中市大肚區,美容,營業中,育樂街37號營業中,,2026-09-28 04:27
全美髮藝空間．Beauty's World,台中市大肚區,美容,營業中,遊園路二段181巷1弄5號營業中,,2026-09-28 04:27
Lau耳.撈耳,台中市大肚區,美容,營業中,頂街里華昌街85號營業中,,2026-09-28 04:27
嘉穎美容美髮SAP館,台中市大肚區,美容,未知,沙田路三段246之一號,,2026-09-28 04:27
伊莉特－蕎伊店,台中市大肚區,美容,營業中,沙田路二段62號營業中,,2026-09-28 04:27
麗美剪燙工作室,台中市大肚區,美容,營業中,仁德路66巷39號營業中,,2026-09-28 04:27
蔓蒂·髮型 Mandy Hair Design,台中市大肚區,美容,營業中,沙田路二段598號營業中,,2026-09-28 04:27
髮后（Hair Queen）,台中市大肚區,美容,休息中/未營業,大德七街72號已打烊,,2026-09-28 04:27
小林髮廊大肚店,台中市大肚區,美容,營業中,沙田路三段95號營業中,,2026-09-28 04:27
BERRIES｜東海美甲｜大肚美甲｜龍井美甲,台中市大肚區,美容,營業中,遊園路二段203巷3弄7號營業中,,2026-09-28 04:27
梵藝皮膚管理，預約制（美容護膚，臉部保養，改善粉刺，提亮膚色）,台中市大肚區,皮膚管理,營業中,遊園南路101巷70號營業中,,2026-09-28 04:27
妍芙—韓式皮膚管理,台中市大肚區,皮膚管理,營業中,文山三街209號營業中,,2026-09-28 04:27
屈臣氏Watsons 大肚門市,台中市大肚區,皮膚管理,營業中,沙田路二段753號營業中,,2026-09-28 04:27
妍的皮膚管理學院美容工作室-彰化和美推薦皮膚管理 彰化和美美容師推薦 和美鎮專業護膚推薦 和美鎮清粉刺推薦 和美鎮做臉推薦 和美鎮美容工作室推薦,彰化縣和美鎮,皮膚管理,營業中,糖東一街營業中,,2026-09-28 04:27
IMEI伊美皮膚美容中心,台中市大肚區,皮膚管理,營業中,新興路51巷9號營業中,,2026-09-28 04:27
午騰鐵皮防鏽工程行 進口油漆 防鏽 保養 鐵皮翻修 鐵皮維修 鐵皮除鏽 隔熱 太陽能 防水 工廠噴漆 專業噴漆 鐵皮抓漏 評價第一,台中市大肚區,皮膚管理,未知,王福街572巷38號,,2026-09-28 04:27
藥師小慧藥局,台中市大肚區,皮膚管理,營業中,自由路363號營業中,,2026-09-28 04:27
PEILUO 沛珞韓式皮膚管理,台中市大肚區,皮膚管理,營業中,大墩二街163號營業中,,2026-09-28 04:27
初 La Naissance-市政｜專業皮膚管理中心,台中市大肚區,皮膚管理,營業中,市政路567號營業中,,2026-09-28 04:27
清水嬌點美學診所 | 台中海線 醫美推薦 醫美評價 | 微整形 隆乳 豐胸 抽脂 音波拉皮 雷射光療 割雙眼皮 線雕拉提 除眼袋 皮秒雷射 自體脂肪移植,台中市清水區,醫美,營業中,中清路九段510號營業中,04 2628 0099,2026-09-28 04:27
醫美藥妝藥局,台中市清水區,醫美,營業中,鰲峰路579號之2號營業中,04 2657 8933,2026-09-28 04:27
莯恩美學空間,台中市清水區,醫美,營業中,光華路118號營業中,0933 983 718,2026-09-28 04:27
瑜悅美學,台中市清水區,醫美,營業中,中興街74號營業中,,2026-09-28 04:27
Lohas Skin Care 樂活。清水店,台中市清水區,醫美,休息中/未營業,清水街41-1號已打烊,04 2622 0281,2026-09-28 04:27
諾恩美學 NUÓ Beauty,台中市清水區,醫美,營業中,台灣大道七段690號營業中,04 2663 2111,2026-09-28 04:27
高美內科診所,台中市清水區,醫美,營業中,中山路94號5樓營業中,04 2623 5207,2026-09-28 04:27
Otisi澳蒂詩,台中市清水區,醫美,營業中,清水街46-1號營業中,0977 711 969,2026-09-28 04:27
真美學醫美診所-台中沙鹿分院,台中市清水區,醫美,營業中,日新街67號營業中,04 2662 2811,2026-09-28 04:27
邑麗美學館,台中市清水區,醫美,營業中,光華路167號二樓營業中,0988 243 420,2026-09-28 04:27
和美學時尚醫美中心,台中市清水區,醫美,營業中,八德路36之29號營業中,0976 238 978,2026-09-28 04:27
惠好經絡調理美容中心,台中市清水區,醫美,營業中,忠誠路240號營業中,0978 679 195,2026-09-28 04:27
天氣晴美學,台中市清水區,醫美,營業中,公正路234號營業中,04 2626 3575,2026-09-28 04:27
莯遇美學清水沙鹿店,台中市清水區,醫美,營業中,星海路35號營業中,,2026-09-28 04:27
嘉佑診所,台中市清水區,醫美,休息中/未營業,高美路117之3號已打烊,04 2627 5066,2026-09-28 04:27
美仁心沙鹿館,台中市清水區,醫美,營業中,中山路318號營業中,04 2663 0202,2026-09-28 04:27
露琺意LuVaii - 台中高美店,台中市清水區,醫美,營業中,光華路401號1樓營業中,0976 591 683,2026-09-28 04:27
中華博士診所 ｜邱永偉醫學博士醫師｜糖尿病三高傷口,台中市清水區,醫美,休息中/未營業,中華路633號已打烊,04 2628 2417,2026-09-28 04:27
美學概念-皮膚管理·美甲·熱蠟除毛·半永久紋繡｜貳樓清水店,台中市清水區,美學,未知,民族路三段121號,,2026-09-28 04:27
薇渼美學SPA 梧棲店 -梧棲清水推薦美容 美體 睫毛 美睫 熱蠟除毛,台中市清水區,美學,營業中,中華路二段399號營業中,,2026-09-28 04:27
蒔茪美學,台中市清水區,美學,未知,五權東路75號2樓,,2026-09-28 04:27
瑞菁養生美學,台中市清水區,美學,未知,中清路九段516號,,2026-09-28 04:27
Jo Salon 時尚美學中心,台中市清水區,美學,營業中,鎮南街26號營業中,,2026-09-28 04:27
Hin Ella欣艾拉美睫美學,台中市清水區,美學,營業中,中華路212號2 樓營業中,,2026-09-28 04:27
沛立絲美學,台中市清水區,美學,營業中,中山路521-3號營業中,,2026-09-28 04:27
純白美學white studio|清水美睫|睫毛管理|皮膚管理|熱蠟美肌|外泌體保養｜海線,台中市清水區,美學,營業中,高美路315巷91號營業中,,2026-09-28 04:27
艾櫁妍美學工作室（美睫/水嫩外泌體護理/臉部放鬆/液態皮秒/精油spa/肌膚管理,台中市清水區,美學,營業中,民族路三段55號營業中,,2026-09-28 04:27
艾櫁妍美學工作室,台中市清水區,美學,營業中,鰲峰路583號營業中,,2026-09-28 04:27
E21苡目美學,台中市清水區,美學,營業中,南華路98之17號營業中,,2026-09-28 04:27
姍姍美學紋綉日式美睫｜霧眉｜霧唇｜唇透亮｜日式美睫嫁接,台中市清水區,美學,營業中,民有路190巷110號營業中,,2026-09-28 04:27
悠米美甲畫室-UM Nails Studio,台中市清水區,美學,營業中,中清路九段476號營業中,,2026-09-28 04:27
嘉瓅美學。微創霧眉/熱蠟除毛/工作室/,台中市清水區,美學,營業中,和平路231號營業中,,2026-09-28 04:27
亦美學 Face & Body Lab｜臉蛋與體態的美學管理,台中市清水區,美學,營業中,民族路一段63號營業中,,2026-09-28 04:27
彤瑩美學,台中市清水區,美學,營業中,北寧街2號營業中,,2026-09-28 04:27
Jayne婕恩美學｜霧眉｜角蛋白｜耳燭,台中市清水區,美學,營業中,忠孝路110巷37-5號營業中,,2026-09-28 04:27
参拾美學製造所,台中市清水區,美學,未知,中清路八段720號5F-3,,2026-09-28 04:27
Neko nail藝術美學,台中市清水區,美學,營業中,中華路453號營業中,,2026-09-28 04:27
ES複合式美學 沙鹿美容/皮膚管理/彩妝/霧眉/科技按摩,台中市清水區,美學,未知,星海路130號,,2026-09-28 04:27
莯晨皮膚管理,台中市清水區,肌膚管理,營業中,港都三路96號營業中,,2026-09-28 04:27
詩威特國際美容(清水店),台中市清水區,肌膚管理,營業中,中山路329號營業中,,2026-09-28 04:27
SHAN Beauty海線清水｜臉部肌膚保濕｜睫毛管理｜臉部撥筋｜粉刺｜痘痘｜肉芽｜黑痣｜脂肪球｜水飛梭｜,台中市清水區,肌膚管理,未知,中華路528號3樓24 小時營業,,2026-09-28 04:27
茹.LuLu韓式皮膚管理,台中市清水區,肌膚管理,休息中/未營業,仁愛路11巷12號已打烊,,2026-09-28 04:27
Aya Spa美容美體,台中市清水區,肌膚管理,營業中,中華路627號2樓營業中,,2026-09-28 04:27
棻特思緹專業肌膚美學,台中市清水區,肌膚管理,營業中,鰲峰路556號營業中,,2026-09-28 04:27
Joyce 完美睫Spa芳療,台中市清水區,肌膚管理,營業中,忠誠路326號營業中,,2026-09-28 04:27
東森自然美_清水五權店,台中市清水區,肌膚管理,營業中,五權東路75號營業中,,2026-09-28 04:27
WS美學｜臉部肌膚管理｜手工清粉刺｜痘痘｜痘疤｜毛孔阻塞｜運動按摩｜筋膜｜肌肉｜放鬆｜筋膜刀｜筋膜儀｜拔罐｜G5體雕儀｜SPA舒壓洗髮（沙鹿）,台中市清水區,肌膚管理,營業中,福安街60號營業中,,2026-09-28 04:27
蔓朵菈Mandora美學,台中市清水區,肌膚管理,休息中/未營業,民族路三段121號13樓已打烊,,2026-09-28 04:27
靚寶皮膚管理中心(科學美容|光電美學|清粉刺| 痘痘| 亮白 |術後保養| 水飛梭| 采耳| 熱蠟| 美體spa| 台中做臉推薦| 沙鹿做臉推薦|梧棲做臉推薦|龍井做臉推薦|清水做臉推薦|液態飛梭|按摩 ),台中市清水區,肌膚管理,營業中,光大路270號營業中,,2026-09-28 04:27
筑美容美體SPA,台中市清水區,肌膚管理,休息中/未營業,斗潭路447號已打烊,,2026-09-28 04:27
Home Spa,台中市清水區,肌膚管理,營業中,民族路三段121號9 樓 7營業中,,2026-09-28 04:27
橙心美學｜皮膚管理·體雕spa·美胸雕塑｜,台中市清水區,肌膚管理,營業中,北中六街1號營業中,,2026-09-28 04:27
Aries蛋爺複合式美業|清水店,台中市清水區,肌膚管理,營業中,中華路101巷18-18號營業中,,2026-09-28 04:27
皓韻美容工作室,台中市清水區,肌膚管理,營業中,信義三街營業中,,2026-09-28 04:27
楊進隆皮膚科診所,台中市清水區,整形外科,休息中/未營業,光華路167號已打烊,04 2623 9333,2026-09-28 04:27
米蘭時尚診所 台中館,台中市清水區,整形外科,營業中,惠中六街1號營業中,04 2258 6565,2026-09-28 04:27
台中晶鑽診所,台中市清水區,整形外科,營業中,公益路130號B1營業中,04 2319 5800,2026-09-28 04:27
誠心診所 向陽院區｜向陽耳鼻喉科診所｜減敏過敏、鼻塞打鼾、眩暈耳鳴、點滴理療、兒童成人健檢、微創手術｜兒科專科、耳鼻喉科、家庭醫學,台中市清水區,診所,休息中/未營業,中山路243-2號已打烊,04 2622 8595,2026-09-28 04:27
清水萬安診所 #兒科 #家庭醫學科 #內科 # 耳鼻喉,台中市清水區,診所,休息中/未營業,中山路126之2號已打烊,04 2622 7823,2026-09-28 04:27
誠心診所 五權院區 五權健康診所 減敏過敏鼻塞打鼾 眩暈耳鳴 點滴理療 兒童成人健檢 微創手術 兒科專科 耳鼻喉科 神經內科 家庭醫學,台中市清水區,診所,休息中/未營業,五權路59-5號已打烊,04 2626 1285,2026-09-28 04:27
德安診所,台中市清水區,診所,休息中/未營業,鰲峰路36之3號1樓已打烊,04 2622 3169,2026-09-28 04:27
楊超博診所,台中市清水區,診所,休息中/未營業,中山路151-8號已打烊,04 2622 9595,2026-09-28 04:27
清水祥和診所,台中市清水區,診所,休息中/未營業,五權東路81號已打烊,04 2623 2191,2026-09-28 04:27
順風耳鼻喉科診所,台中市清水區,診所,休息中/未營業,鎮南街41號已打烊,04 2622 6161,2026-09-28 04:27
何耳鼻喉科診所,台中市清水區,診所,休息中/未營業,中山路199之2號已打烊,04 2622 1366,2026-09-28 04:27
全佑家庭醫學科診所,台中市清水區,診所,休息中/未營業,新興路260號已打烊,04 2622 2011,2026-09-28 04:27
林玉彪診所,台中市清水區,診所,休息中/未營業,光華路135號已打烊,04 2623 3880,2026-09-28 04:27
銓安診所,台中市清水區,診所,休息中/未營業,鰲峰路110號已打烊,04 2622 9588,2026-09-28 04:27
蘇光緯診所,台中市清水區,診所,休息中/未營業,中山路198號已打烊,04 2622 2300,2026-09-28 04:27
趙見福診所,台中市清水區,診所,休息中/未營業,鎮南街1之2號已打烊,04 2622 2699,2026-09-28 04:27
明哲診所,台中市清水區,診所,休息中/未營業,中山路449之1號已打烊,04 2622 7661,2026-09-28 04:27
顏耳鼻喉診所,台中市清水區,診所,休息中/未營業,光復街110號已打烊,04 2622 0765,2026-09-28 04:27
陽明診所,台中市清水區,診所,休息中/未營業,光華路75號1樓已打烊,04 2623 4075,2026-09-28 04:27
洪耳鼻喉科診所,台中市清水區,診所,休息中/未營業,中山路151之3號已打烊,04 2623 8611,2026-09-28 04:27
中興德昭診所（臺大｜榮總專科醫師，小兒｜耳鼻喉感冒｜腸胃疾病，慢性病｜焦慮失眠，猛健樂｜週纖達｜專業減重，關節注射｜增生療法｜聚焦式震波，清水診所推薦）,台中市清水區,診所,營業中,中興南街30號即將打烊：12:30,04 2623 6288,2026-09-28 04:27
清水回生診所,台中市清水區,診所,未知,中山路134號04 2622 2050,,2026-09-28 04:27
陳振昆診所,台中市清水區,診所,休息中/未營業,中山路127號已打烊,04 2622 5205,2026-09-28 04:27
台中清水專業洗腎/腎臟科 安新診所,台中市清水區,診所,營業中,西寧路155號營業中,04 2623 4416,2026-09-28 04:27
清水區衛生所,台中市清水區,診所,營業中,中山路92號營業中,04 2622 2639,2026-09-28 04:27
林澤民小兒科診所,台中市清水區,診所,休息中/未營業,中山路242之1號已打烊,04 2623 3935,2026-09-28 04:27
吳內科診所,台中市清水區,診所,休息中/未營業,西寧路81之1號已打烊,04 2622 7702,2026-09-28 04:27
誠心診所,台中市清水區,診所,未知,五權路59-5號,,2026-09-28 04:27
林佳輝診所,台中市清水區,診所,休息中/未營業,中正街19號已打烊,04 2623 3955,2026-09-28 04:27
清水博佑專科診所,台中市清水區,診所,休息中/未營業,新興路57號已打烊,04 2622 8080,2026-09-28 04:27
果貿診所 台中清水專業洗腎/腎臟科 內科 糖尿病,台中市清水區,診所,休息中/未營業,建國路98號已打烊,04 2626 5497,2026-09-28 04:27
太慶診所,台中市清水區,泌尿科,休息中/未營業,新興路116號已打烊,04 2623 8697,2026-09-28 04:27
台中疝氣手術中心推薦約書亞疝氣手術中心(童綜合醫院）,台中市清水區,泌尿科,營業中,台灣大道八段699號營業中,080 058 0137,2026-09-28 04:27
許紋誠診所,台中市清水區,泌尿科,休息中/未營業,中山路539之2號已打烊,04 2662 7282,2026-09-28 04:27
義德診所,台中市清水區,泌尿科,休息中/未營業,文昌路164號已打烊,04 2657 7657,2026-09-28 04:27
夏在中診所,台中市清水區,泌尿科,休息中/未營業,沙田路57-4號已打烊,04 2636 0995,2026-09-28 04:27
昌和診所,台中市清水區,泌尿科,休息中/未營業,鎮南路二段249號已打烊,04 2636 4819,2026-09-28 04:27
清水李復健科診所｜物理治療｜小兒復健｜徒手治療｜運動治療｜數位X光,台中市清水區,骨科,休息中/未營業,中興街33-3號已打烊,04 2622 5988,2026-09-28 04:27
清水王婦產科診所,台中市清水區,婦產科,休息中/未營業,鎮南街38號已打烊,04 2622 5909,2026-09-28 04:27
蔡篤煌診所,台中市清水區,醫學美容,休息中/未營業,西寧路15號已打烊,04 2622 5690,2026-09-28 04:27
翊雯健康美學舘,台中市清水區,醫學美容,休息中/未營業,民安路275號已打烊,04 2657 8043,2026-09-28 04:27
清水 覓SPA,台中市清水區,美容,未知,五權東路172號04 2623 7689,,2026-09-28 04:27
緹園美容美體spa館,台中市清水區,美容,營業中,鎮南街28號營業中,0911 784 813,2026-09-28 04:27
希妲薩娜藝術沙龍SPA/薩提國際/亞太身心靈藝術協會,台中市清水區,美容,營業中,中清路九段728號營業中,04 2627 0131,2026-09-28 04:27
玲瓏美容美髮百貨材料行,台中市清水區,美容,營業中,清水街1之15號營業中,04 2622 7586,2026-09-28 04:27
紫心美容坊,台中市清水區,美容,營業中,文昌街11號營業中,0935 467 221,2026-09-28 04:27
KS hair salon,台中市清水區,美容,營業中,南社路268號營業中,04 2627 2855,2026-09-28 04:27
小娘娘清水店,台中市清水區,美容,未知,中華路523號24 小時營業,04 2626 8370,2026-09-28 04:27
綺麗美髮 台中市清水區時尚剪髮店（專業：洗剪燙染 光療美甲 化妝造型 修眉 霧眉）,台中市清水區,美容,休息中/未營業,清水街27號已打烊,0988 086 092,2026-09-28 04:27
周月寶美體美容,台中市清水區,美容,休息中/未營業,北寧街19號已打烊,0917 589 655,2026-09-28 04:27
丹堤美容,台中市清水區,美容,未知,學園街48號04 2622 4338,,2026-09-28 04:27
髮容藝時尚沙龍follow me（清水剪髮推薦/清水挽臉推薦/清水韓式手工燙推薦/清水燙髮推薦）這裡有兩間，髮容藝靠近互動美語隔壁第一間,台中市清水區,美容,營業中,五權路287號營業中,0923 795 215,2026-09-28 04:27
昹欣美容舒筋健康館,台中市清水區,美容,營業中,中華路197之1號營業中,0988 587 468,2026-09-28 04:27
Hi GieGie Salon 嗨吉,台中市清水區,美容,營業中,新興路122號營業中,04 2622 9866,2026-09-28 04:27
森緹絲日式美甲美睫,台中市清水區,美容,營業中,四維東路488號營業中,,2026-09-28 04:27
Fifi nail 台中梧棲（美甲/美睫/柔霧眉/熱蠟除毛/問題皮膚管理/美容/粉刺/痘痘/教學）,台中市清水區,皮膚管理,營業中,梧北路54號之一營業中,,2026-09-28 04:27
瑭心美學所Tangxin•Beauty🌸美睫｜霧眉｜熱蠟冰肌除毛｜頭療身體SPA｜韓式皮膚管理｜美甲,台中市清水區,皮膚管理,營業中,港新一路69號營業中,,2026-09-28 04:27
姸若姿美容工作室-皮膚管理/專業臉部保養/清粉刺/痘痘/矽晶護膚/耳燭/台中梧棲區海線推薦,台中市清水區,皮膚管理,營業中,八德路一段51號8樓營業中,,2026-09-28 04:27
DiDiar韓式專業皮膚管理｜梧棲沙鹿美容做臉・霧眉推薦 (台中海線護膚｜半永久紋繡｜韓式無痛清粉刺專門 ),台中市清水區,皮膚管理,營業中,中央路一段270號之5營業中,,2026-09-28 04:27
膚安然--專為敏感肌而存在。,台中市清水區,皮膚管理,營業中,長春路202巷68號營業中,,2026-09-28 04:27
愛朵診所-美醫領導品牌,台中市大甲區,醫美,休息中/未營業,順天路231號已打烊,,2026-09-28 04:27
依誠美學診所,台中市大甲區,醫美,營業中,中山路一段971號營業中,,2026-09-28 04:27
大甲醫美診所,台中市大甲區,醫美,營業中,民生路9號營業中,,2026-09-28 04:27
星和愛漂亮 台中大甲店 - 手工粉刺速淨丨聲波保濕導入丨鑽白光感多肽酸丨膠原瑩潤精華導入丨煥顏肌活離子導入丨客製修眉,台中市大甲區,醫美,營業中,蔣公路265號營業中,,2026-09-28 04:27
新醫美,台中市大甲區,醫美,營業中,甲后路五段566號營業中,,2026-09-28 04:27
愉心舒身美學中心,台中市大甲區,醫美,營業中,甲后路35巷120號營業中,,2026-09-28 04:27
Sisters美麗殿堂肌膚保養概念美學（台中無痛清粉刺推薦/台中做臉推薦/肌膚保養/保養皮膚/痘痘保養/痘痘粉刺處理消除/大甲做臉/粉刺保養品/男性皮膚保養）,台中市大甲區,醫美,休息中/未營業,文武路232號之一已打烊,,2026-09-28 04:27
嫚菁美學,台中市大甲區,醫美,營業中,興安路138-54號營業中,,2026-09-28 04:27
心美學 采耳/耳燭SPA/熱蠟除毛/韓式皮膚管理,台中市大甲區,醫美,休息中/未營業,經國路1號已打烊,,2026-09-28 04:27
東森自然美_大甲育英店,台中市大甲區,醫美,營業中,育英路267號營業中,,2026-09-28 04:27
MENARD FACIAL SALON-俋姿店 | 台中 大甲區 專業護膚沙龍 X 美容工作室 #台中大甲美容推薦 #台中大甲沙龍推薦 #做臉 #臉部保養 #保養品 #化妝品,台中市大甲區,醫美,營業中,民生路31號營業中,,2026-09-28 04:27
Bling Shine 晶湘美妍,台中市大甲區,醫美,未知,三民路273號,,2026-09-28 04:27
夏朵美學概念-大甲耳燭推薦,台中市大甲區,醫美,營業中,育英路174-1號營業中,,2026-09-28 04:27
MENARD FACIAL SALON - 大甲 靚美兒店 | 台中 大甲做臉、外埔區 專業護膚沙龍 #外埔美容推薦 #大甲沙龍推薦 #做臉 #臉部保養 #保養品 #美伊娜多化妝品,台中市大甲區,醫美,營業中,甲后路五段245號營業中,,2026-09-28 04:27
Lohas skin care 樂活大甲店,台中市大甲區,醫美,休息中/未營業,彈正路3-18號號已打烊,,2026-09-28 04:27
安榮診所(痔瘡/皮膚腫瘤手術/外傷傷口縫合/換藥/減重/三高/感冒/痠痛/割包皮/菜花),台中市大甲區,醫美,休息中/未營業,民生路18號已打烊,,2026-09-28 04:27
小熊的森林診所,台中市大甲區,醫美,休息中/未營業,三民路132號已打烊,,2026-09-28 04:27
莯遇美學大甲店,台中市大甲區,美學,營業中,大安港路329-8號營業中,,2026-09-28 04:27
Love-ideal大甲店,台中市大甲區,美學,營業中,甲后路五段375號甲賀社區營業中,,2026-09-28 04:27
SISTER 美學館,台中市大甲區,美學,未知,民生路2號,,2026-09-28 04:27
薆絲美學館｜大甲熱蠟美肌｜男生毛髮整理｜孕婦私密護理｜金氏紀錄熱蠟｜VLB 專業手法,台中市大甲區,美學,營業中,水源路2之22號營業中,,2026-09-28 04:27
CJ美學概念館,台中市大甲區,美學,營業中,通天路210號營業中,,2026-09-28 04:27
采葳Spa美學館,台中市大甲區,美學,營業中,中華街100號營業中,,2026-09-28 04:27
Heaven Beauty荷凡美學/台中做臉/清粉刺/芳療按摩/局部雕塑,台中市大甲區,美學,營業中,通天路225號營業中,,2026-09-28 04:27
Tung 美學,台中市大甲區,美學,營業中,甲后路五段245號營業中,,2026-09-28 04:27
丹妍美學♡大甲美睫專門｜光固美睫｜睫毛管理｜睫毛保養,台中市大甲區,美學,營業中,文武路244-1號營業中,,2026-09-28 04:27
Leia studio 梨子美學𖧷 台中霧眉｜大甲霧眉｜半永久紋繡,台中市大甲區,美學,營業中,文武路224-2號2 樓營業中,,2026-09-28 04:27
Luce美學工作室｜大甲美甲,台中市大甲區,美學,營業中,經國路119號營業中,,2026-09-28 04:27
舒雅SPA肌膚美學,台中市大甲區,美學,休息中/未營業,甲后路五段335巷186號已打烊,,2026-09-28 04:27
舒菲雅美容SPA生活館-大甲店,台中市大甲區,美學,營業中,中山路一段586-1號營業中,,2026-09-28 04:27
拾歲美學 | 腹直肌核心喚醒 | 聚波美背護理,台中市大甲區,美學,休息中/未營業,甲后路五段已打烊,,2026-09-28 04:27
大甲美甲美睫AN｜美甲專業培訓課程,台中市大甲區,美學,營業中,水源路75號營業中,,2026-09-28 04:27
Lamistudio台中市大甲區,台中市大甲區,美學,營業中,台中市大甲區,,2026-09-28 04:27
Y.T Studio,台中市大甲區,美學,營業中,育英路129號營業中,,2026-09-28 04:27
葳菈時尚美學/美容/美甲/美睫/紋綉,台中市大甲區,美學,營業中,忠孝街178號營業中,,2026-09-28 04:27
茜鈺美學館,台中市大甲區,美學,營業中,甲后路五段650號營業中,,2026-09-28 04:27
雅美仕美學中心,台中市大甲區,美學,營業中,中山路一段898巷34號營業中,,2026-09-28 04:27
安妞專業Spa,台中市大甲區,肌膚管理,營業中,"2樓, No. 155號蔣公路營業中",,2026-09-28 04:27
Renee Skin Care,台中市大甲區,肌膚管理,休息中/未營業,大智街205巷1號帝堡21大樓已打烊,,2026-09-28 04:27
Dora朵芮美學-韓式皮膚管理,台中市大甲區,肌膚管理,營業中,光明路189號營業中,,2026-09-28 04:27
Mòment_skin大甲工作室｜皮膚管理｜精油spa｜,台中市大甲區,肌膚管理,營業中,光明路29巷1弄10號2樓營業中,,2026-09-28 04:27
舒晶療癒所&估溜肌膚管理,台中市大甲區,肌膚管理,未知,水源路229號,,2026-09-28 04:27
光研韓式無痛皮膚管理,台中市大甲區,肌膚管理,營業中,光明路10巷5號營業中,,2026-09-28 04:27
敏痘肌專家GNS Salon- 大甲分店/做臉推薦/清粉刺/肉芽脂肪球處理/美容教學,台中市大甲區,肌膚管理,營業中,甲東路588號營業中,,2026-09-28 04:27
MENARD 伊彤店 | 台中 大甲 專業護膚沙龍 X 美容工作室 #台中大甲美容推薦 #台中大甲沙龍推薦 #做臉 #臉部保養 #保養品 #化妝品,台中市大甲區,肌膚管理,營業中,復興路16號營業中,,2026-09-28 04:27
詩威特國際美容大甲蔣公店-大甲推薦做臉|推薦清痘|斑點淡化|敏感肌膚|臉部保養|無痛清粉刺|粉刺清潔|美容護膚,台中市大甲區,肌膚管理,營業中,蔣公路196號營業中,,2026-09-28 04:27
尤娜斯美妍-Eunice/台中大甲·霧眉·睫毛管理角蛋白·靈芝外泌體·皮膚管理·護膚,台中市大甲區,肌膚管理,營業中,雁門路355號2F營業中,,2026-09-28 04:27
Aries蛋爺複合式美業•大甲店｜美業教學課程｜歐式眉眼唇•皮膚管理•美睫•育髮•角蛋白•無痛粉刺•男生皆可預約｜保健食品-體態管理D.Y Shen森可可,台中市大甲區,肌膚管理,營業中,順天路71號營業中,,2026-09-28 04:27
玩美宣顏,台中市大甲區,肌膚管理,營業中,蔣公路11之一號2樓營業中,,2026-09-28 04:27
Chu Beauty Studio美容護膚中心,台中市大甲區,肌膚管理,未知,育英路269號,,2026-09-28 04:27
佐登妮絲專業SPA_大甲光明店,台中市大甲區,肌膚管理,營業中,光明路263號營業中,,2026-09-28 04:27
彭村梅spa美容大甲店,台中市大甲區,肌膚管理,營業中,中山路一段512號營業中,,2026-09-28 04:27
吳大維皮膚科診所,台中市大甲區,皮膚科,休息中/未營業,光明路83號已打烊,04 2680 0599,2026-09-28 04:27
李光輝皮膚科診所,台中市大甲區,皮膚科,休息中/未營業,順天路383號已打烊,04 2688 0903,2026-09-28 04:27
陳外科診所,台中市大甲區,皮膚科,未知,蔣公路22號04 2687 2238,,2026-09-28 04:27
全信賴診所,台中市大甲區,皮膚科,休息中/未營業,甲后路五段267號已打烊,04 2676 2248,2026-09-28 04:27
力倫診所,台中市大甲區,皮膚科,休息中/未營業,蔣公路246號已打烊,04 2680 5518,2026-09-28 04:27
元吉聯合診所,台中市大甲區,皮膚科,休息中/未營業,文武路65號已打烊,04 2687 2012,2026-09-28 04:27
青年診所,台中市大甲區,皮膚科,休息中/未營業,青年路8之1號已打烊,04 2681 0837,2026-09-28 04:27
琉璃光診所,台中市大甲區,皮膚科,休息中/未營業,順天路342號已打烊,04 2687 3051,2026-09-28 04:27
宏光診所,台中市大甲區,皮膚科,休息中/未營業,鎮政路3號已打烊,04 2688 2002,2026-09-28 04:27
大甲志仁外科診所,台中市大甲區,皮膚科,休息中/未營業,蔣公路233號已打烊,04 2687 9387,2026-09-28 04:27
王登源診所,台中市大甲區,皮膚科,休息中/未營業,中山路一段576號已打烊,04 2688 2620,2026-09-28 04:27
李綜合醫療社團法人大甲李綜合醫院,台中市大甲區,皮膚科,未知,八德街2號24 小時營業,04 2686 2288,2026-09-28 04:27
張炳雄診所,台中市大甲區,皮膚科,未知,順天路226號04 2687 4608,,2026-09-28 04:27
大元診所,台中市大甲區,皮膚科,休息中/未營業,順天路136號已打烊,04 2680 2250,2026-09-28 04:27
鄭成發診所,台中市大甲區,皮膚科,休息中/未營業,光明路68號已打烊,04 2688 2366,2026-09-28 04:27
光田醫療社團法人 光田綜合醫院 大甲院區,台中市大甲區,整形外科,未知,經國路321號24 小時營業,04 2688 5599,2026-09-28 04:27
岷安診所,台中市大甲區,診所,休息中/未營業,民生路9之2號已打烊,04 2687 3636,2026-09-28 04:27
錫欽診所,台中市大甲區,診所,休息中/未營業,通天路178號已打烊,04 2681 5785,2026-09-28 04:27
佑安診所,台中市大甲區,診所,休息中/未營業,大安港路351號已打烊,04 2676 0248,2026-09-28 04:27
上安診所,台中市大甲區,診所,休息中/未營業,臨江路40之1號已打烊,04 2682 1377,2026-09-28 04:27
李家榮耳鼻喉科診所,台中市大甲區,診所,休息中/未營業,蔣公路212-1號已打烊,04 2686 3368,2026-09-28 04:27
仁禾診所,台中市大甲區,診所,休息中/未營業,中山路一段861號已打烊,04 2688 8106,2026-09-28 04:27
欣朋友診所,台中市大甲區,診所,休息中/未營業,蔣公路255號已打烊,04 2680 2025,2026-09-28 04:27
大甲佑吉診所,台中市大甲區,診所,未知,文武路65號04 2687 2012,,2026-09-28 04:27
仁馨診所-台中大甲專業洗腎/腎臟科,台中市大甲區,診所,營業中,經國路789號營業中,04 2680 1729,2026-09-28 04:27
台中大甲專業洗腎/腎臟科 蔡精龍診所,台中市大甲區,診所,休息中/未營業,新政路254號已打烊,04 2687 5759,2026-09-28 04:27
新大同聯合診所附設護理之家,台中市大甲區,診所,營業中,中山路一段1089號營業中,04 2686 6376,2026-09-28 04:27
璩大維診所,台中市大甲區,診所,休息中/未營業,中山路一段1035-1號已打烊,04 2686 3600,2026-09-28 04:27
順安醫院,台中市大甲區,診所,休息中/未營業,光明路6號已打烊,04 2686 2328,2026-09-28 04:27
同愛小兒科內科診所,台中市大甲區,診所,休息中/未營業,鎮政路48號已打烊,04 2686 1212,2026-09-28 04:27
志仁診所,台中市大甲區,診所,未知,蔣公路233號04 2687 9387,,2026-09-28 04:27
光田綜合醫院沙鹿院區,台中市大甲區,泌尿科,未知,沙田路117號24 小時營業,04 2662 5116,2026-09-28 04:27
見安診所,台中市大甲區,泌尿科,休息中/未營業,順天路391號已打烊,04 2688 9595,2026-09-28 04:27
博濟診所,台中市大甲區,泌尿科,休息中/未營業,逢甲路233號已打烊,04 2707 0498,2026-09-28 04:27
李綜合醫療社團法人大甲李綜合醫院急診室,台中市大甲區,骨科,未知,八德街2號24 小時營業,04 2686 2288,2026-09-28 04:27
濟生損傷接骨所,台中市大甲區,骨科,未知,大甲區水源路2號之2804 2687 5052,,2026-09-28 04:27
啟明眼科聯合診所,台中市大甲區,骨科,休息中/未營業,光明路71號已打烊,04 2687 9311,2026-09-28 04:27
大鵬國術舘（請事先預約）,台中市大甲區,骨科,營業中,經國路530號營業中,04 2688 2367,2026-09-28 04:27
名駿傳統推拿,台中市大甲區,骨科,休息中/未營業,育德路2號已打烊,0980 835 699,2026-09-28 04:27
宏原復健科診所,台中市大甲區,骨科,未知,中山路一段1089號04 2680 0477,,2026-09-28 04:27
安健整復中心,台中市大甲區,骨科,未知,慈德路17551號0911 937 695,,2026-09-28 04:27
李婦產科診所,台中市大甲區,婦產科,休息中/未營業,民生路22之2號已打烊,04 2688 3771,2026-09-28 04:27
喜月婦產科診所,台中市大甲區,婦產科,休息中/未營業,水源路11號已打烊,04 2688 1746,2026-09-28 04:27
張漢昌婦產科診所,台中市大甲區,婦產科,休息中/未營業,經國路1978巷3號已打烊,04 2681 7420,2026-09-28 04:27
品希美容工作坊、腳底按摩,台中市大甲區,醫學美容,營業中,文化巷育英路246-2號營業中,,2026-09-28 04:27
J Hair City &Face spa美容美髮設計,台中市大甲區,美容,營業中,中山路一段792號2樓營業中,04 2688 3510,2026-09-28 04:27
大甲紫色美人正統越式洗頭,台中市大甲區,美容,休息中/未營業,蔣公路35號已打烊,04 2688 8896,2026-09-28 04:27
台中/大甲幸福美甲,台中市大甲區,美容,營業中,順天路26號營業中,0910 301 159,2026-09-28 04:27
MENARD FACIAL SALON - 大甲 沛立絲店,台中市大甲區,美容,未知,東安路501巷12-31號0988 366 110,,2026-09-28 04:27
D&H Hair Salon（肯夢AVEDA海線唯一授權店）大甲推薦髮廊 推薦接髮 （過年期間不打烊）🧧「過年有開的髮廊」,台中市大甲區,美容,營業中,光明路241號營業中,0923 290 294,2026-09-28 04:27
湘 Hair salon 時尚美學,台中市大甲區,美容,營業中,信義路68號營業中,04 2688 0508,2026-09-28 04:27
熹髮廊 大甲頭皮spa推薦 大甲護髮推薦 大甲洗髮推薦 大甲染髮推薦 大甲燙髮推薦,台中市大甲區,美容,休息中/未營業,民權路67號已打烊,04 2687 5008,2026-09-28 04:27
A&O Hair Salon/大甲髮廊/剪髮推薦/男士剪髮/大甲染髮/大甲燙髮/大甲髮廊推薦,台中市大甲區,美容,休息中/未營業,信義路132號已打烊,0972 217 601,2026-09-28 04:27
JEN spa皮膚管理｜黃金做臉｜矽晶美容｜美胸按摩,台中市大甲區,皮膚管理,營業中,新美街70巷38號營業中,,2026-09-28 04:27
恩福SPA,台中市大甲區,皮膚管理,營業中,鎮政路11號3樓營業中,,2026-09-28 04:27
Moon SPA越式洗頭 （十上美容院),台中市大甲區,皮膚管理,營業中,忠孝街11號營業中,,2026-09-28 04:27
欣源美診所｜心臟專科｜家醫科｜耳鼻喉專科｜居家醫療｜慢性病照護,台中市神岡區,醫美,休息中/未營業,神岡路45之1號已打烊,04 2563 3059,2026-09-28 04:27
品竹Spa美妍美體,台中市神岡區,醫美,營業中,社南街242號營業中,0975 329 917,2026-09-28 04:27
以琳全方位美學,台中市神岡區,醫美,營業中,中山路1458號2樓營業中,0976 755 856,2026-09-28 04:27
瑭芸SPA精品美妍館,台中市神岡區,醫美,營業中,神圳路32-7號營業中,04 2563 1523,2026-09-28 04:27
神岡那間 美學,台中市神岡區,醫美,營業中,中山路784巷40號營業中,,2026-09-28 04:27
采風醫美-惠盛醫院美容中心,台中市神岡區,醫美,營業中,中正路251號營業中,04 2528 4400,2026-09-28 04:27
豐原嬌點美學診所,台中市神岡區,醫美,營業中,圓環東路407號營業中,04 2520 8588,2026-09-28 04:27
愛美診所,台中市神岡區,醫美,未知,向陽路148號3樓即將開始營業,04 2526 0599,2026-09-28 04:27
S.Beauty spa 台中大雅區 北屯區 神岡區 豐原區精油spa按摩 臉部護理 清粉刺 臉部撥筋 耳燭 曲線雕塑 左旋C嫩白,台中市北屯區,醫美,營業中,建興路193號1F營業中,0923 171 303,2026-09-28 04:27
林炳麟診所,台中市神岡區,醫美,休息中/未營業,神岡路24號已打烊,04 2561 0165,2026-09-28 04:27
日曦美學診所︱溫馨醫美·預防醫學,台中市神岡區,醫美,休息中/未營業,豐東一街2號已打烊,04 2523 0666,2026-09-28 04:27
李敦錦聯合診所,台中市神岡區,醫美,休息中/未營業,民生路40之2號已打烊,04 2561 7382,2026-09-28 04:27
文政聯合診所- 糖尿病 家醫 內科 洗腎中心『休診前十分鐘止掛』,台中市神岡區,醫美,休息中/未營業,文政街58號1、2樓已打烊,04 2563 0193,2026-09-28 04:27
潔西卡彩妝造型美學 𝑱𝒆𝒔𝒔𝒊𝒄𝒂 𝑩𝒆𝒂𝒖𝒕𝒚｜豐原護膚｜做臉｜皮膚管理｜韓式水飛梭｜無痛清粉刺｜痘痘肌護理｜醫美級抗老緊緻｜專業除毛｜新秘｜客製化｜活動妝髮｜新娘妝髮｜媽媽妝髮｜一對一彩妝課程教學美容創業課程｜保養品零售批發｜美業店家歡迎合作洽談,台中市神岡區,醫美,營業中,豐北街407號2樓營業中,0988 639 608,2026-09-28 04:27
神岡-晉安診所 - 新世代洗腎中心/內科/居家醫療,台中市神岡區,醫美,營業中,中山路865號營業中,04 2563 2666,2026-09-28 04:27
玩美女人時尚診所,台中市神岡區,醫美,休息中/未營業,向陽路255號已打烊,04 2515 5566,2026-09-28 04:27
悠咪美妍診所,台中市神岡區,醫美,未知,中清東路137號04 2560 1166,,2026-09-28 04:27
NINI HAIR,台中市神岡區,醫美,營業中,中山路874號營業中,04 2563 1681,2026-09-28 04:27
光妍皮膚科診所,台中市神岡區,醫美,休息中/未營業,中正路377號379號2樓1樓已打烊,04 2520 5892,2026-09-28 04:27
WonderBeauty,台中市神岡區,醫美,營業中,中山路二段211號2F營業中,0987 197 559,2026-09-28 04:27
祈安聯合診所,台中市神岡區,醫美,休息中/未營業,民生路27號已打烊,04 2562 5470,2026-09-28 04:27
Time Skin Studio 蒔肌皮膚管理,台中市神岡區,醫美,營業中,愛國街256號營業中,,2026-09-28 04:27
飛雅美髮廊,台中市神岡區,醫美,營業中,神洲路35巷21號營業中,04 2523 6520,2026-09-28 04:27
尚渼皮膚科診所,台中市神岡區,醫美,休息中/未營業,中山路二段368號已打烊,04 2532 9489,2026-09-28 04:27
媞妍美學,台中市神岡區,醫美,營業中,雅潭路四段102號營業中,0901 413 534,2026-09-28 04:27
慢療癒慢慢聊（台中大雅身心靈spa個人工作室/澳洲花精/頌缽/骨盆保養/全身筋膜按摩/孕婦按摩/美胸保養/臉部撥筋/睡眠按摩/整脊骨架調整/兒童花精按摩）,台中市神岡區,醫美,營業中,雅潭路四段739號營業中,0966 232 737,2026-09-28 04:27
大雅美甲 Tracy Aesthetics Studio翠斯美學,台中市神岡區,醫美,營業中,民生路三段415巷7號營業中,0910 619 072,2026-09-28 04:27
李內兒科診所,台中市神岡區,醫美,休息中/未營業,中山路628號已打烊,04 2562 7097,2026-09-28 04:27
花想波療育坊豐原店,台中市神岡區,醫美,營業中,新生北路62號2樓營業中,,2026-09-28 04:27
婕媚美容-半永久定妝霧眉|美瞳線|隱形眼線|嘟嘟唇|美胸保養|做臉推薦,台中市神岡區,醫美,營業中,神林南路126號營業中,0928 455 772,2026-09-28 04:27
芮氏美學｜神岡美甲/神岡美睫/神岡霧眉,台中市神岡區,美學,營業中,中正路77巷29號營業中,,2026-09-28 04:27
唯愛美學,台中市神岡區,美學,營業中,文政街40巷12號營業中,,2026-09-28 04:27
媄妍美學 M-Beauty,台中市神岡區,美學,營業中,大漢街63巷12號營業中,,2026-09-28 04:27
喬安娜美學,台中市神岡區,美學,營業中,大豐路五段379號營業中,,2026-09-28 04:27
Koli 果梨美學｜皮膚管理．熱蠟除毛．霧眉．半永久紋繡．彩妝．角蛋白美睫,台中市神岡區,美學,營業中,大漢街129號營業中,,2026-09-28 04:27
Core Beauty • 禾芯美學 |豐原按摩|神岡按摩|經絡養生|芳療課程|油壓|指壓|身心放鬆|臉部課程|藻針課程|高cp值按摩|筋膜釋放|客製化spa|敷體淨化,台中市神岡區,美學,營業中,大洲路463號營業中,,2026-09-28 04:27
娜美時尚美學／健一養生工作坊,台中市神岡區,美學,休息中/未營業,大社街118號已打烊,,2026-09-28 04:27
Li Quid • 美學工作室｜豐原｜台中｜做臉、除毛、霧眉,台中市神岡區,美學,未知,大洲路500號,,2026-09-28 04:27
沛緹絲美學,台中市神岡區,美學,營業中,大漢街64號營業中,,2026-09-28 04:27
Siwy Lab 晞惟美學/豐原霧眉/韓式霧眉/神岡霧眉/潭子霧眉/大雅霧眉/睫毛管理/豐原美睫/神岡美睫/大雅美睫,台中市神岡區,美學,營業中,大漢街1巷33號營業中,,2026-09-28 04:27
Qin’s Beauty 沁安時尚美學,台中市神岡區,美學,營業中,西勢一街68號營業中,,2026-09-28 04:27
Queena studio 昆娜美學‖ 臉部撥筋•清粉刺調理•耳燭•溫罐•霧眉 ‖,台中市神岡區,美學,未知,豐洲路529號2F,,2026-09-28 04:27
芸朵美學 KUMO Beauty,台中市神岡區,美學,營業中,豐西街111號3樓營業中,,2026-09-28 04:27
茉莉小花美學,台中市神岡區,美學,營業中,豐原大道ㄧ段418號營業中,,2026-09-28 04:27
心文美學豐原店-台中半永久紋繡推薦|霧眉|飄眉|美瞳線|男士眉|美睫|紋唇|美容美體|美甲| SinWen Beauty 廟東創業全科班教學,台中市神岡區,美學,營業中,三民路190巷24號1樓營業中,,2026-09-28 04:27
淘喜美甲美學,台中市神岡區,美學,營業中,神清路30-3號營業中,,2026-09-28 04:27
豐原美容SPA-137全方位美學館/豐原美甲/豐原美睫/臉部保養/豐原按摩/豐原熱蠟除毛／韓式紋繡,台中市神岡區,美學,營業中,瑞興路48號營業中,,2026-09-28 04:27
Helenbrow半永久美學｜台中霧眉・豐原霧眉・霧眉教學,台中市神岡區,美學,營業中,西勢路348號營業中,,2026-09-28 04:27
四季與妳 美甲•美學 ｜豐原美甲｜神岡美甲｜后里美甲｜創業教學｜熱蠟除毛｜私密除毛,台中市神岡區,美學,營業中,豐科路77號營業中,,2026-09-28 04:27
芭達雅美學概念-豐原霧眉|豐原做臉|清粉刺|嘟嘟唇|線條眉|熱蠟除毛|推薦霧唇|霧眉首選,台中市神岡區,美學,營業中,中陽路80號營業中,,2026-09-28 04:27
凱莉絲美顏工作室 (預約制) /美容/美體/筋膜刀按摩/熱蠟美肌,台中市神岡區,美學,營業中,文昌街320巷23弄11號營業中,,2026-09-28 04:27
WB.winniebeauty 為你美學,台中市神岡區,美學,營業中,豐原大道四段303街10號營業中,,2026-09-28 04:27
顏控小姐科技皮膚管理,台中市神岡區,肌膚管理,營業中,台中市神岡區,,2026-09-28 04:27
Chaleur Skin Studio｜夏樂肌膚管理,台中市神岡區,肌膚管理,營業中,大洲路478號營業中,,2026-09-28 04:27
小清新 霧眉美睫肌膚管理工作室,台中市神岡區,肌膚管理,營業中,神清路166-7號營業中,,2026-09-28 04:27
青青台中越式洗頭,台中市神岡區,肌膚管理,營業中,中山路1488號營業中,,2026-09-28 04:27
U.B.專業肌膚管理｜完全預約制，謝絕臨時預約⚠️未預約成功，請勿開門,台中市神岡區,肌膚管理,未知,三豐路一段68號,,2026-09-28 04:27
Charming 日式美睫.熱蠟除毛,台中市神岡區,肌膚管理,未知,"神林路10之1號, 3",,2026-09-28 04:27
LIAN skin care肌膚管理中心,台中市神岡區,肌膚管理,休息中/未營業,成功路424號已打烊,,2026-09-28 04:27
津綵癒膚保養(肌膚的補習班),台中市神岡區,肌膚管理,營業中,中山路二段211號營業中,,2026-09-28 04:27
Lohas Skin Care 樂活 潭子店/無痛清粉刺/敏感/痘痘/痘疤/斑點/美容教學/潭子做臉/豐原做臉/北屯做臉/大雅做臉/神岡做臉/石崗做臉/新社做臉/東勢做臉/后里做臉/潭子加工區/勝利商圈,台中市神岡區,肌膚管理,營業中,勝利二街108號營業中,,2026-09-28 04:27
美妃群皮膚管理中心,台中市神岡區,肌膚管理,營業中,豐原大道二段142號營業中,,2026-09-28 04:27
婧美學SPA｜臉部｜保養｜精油保養｜原裝進口｜無痛清粉刺,台中市神岡區,肌膚管理,未知,中興路67號,,2026-09-28 04:27
陳忠義診所｜神岡內科・兒科・疫苗・瘦瘦針・營養點滴・玻尿酸注射・骨鬆治療・帶狀皰疹治療 (門診結束前10分鐘止掛),台中市神岡區,皮膚科,休息中/未營業,民生路22號已打烊,04 2562 8672,2026-09-28 04:27
張弘毅診所,台中市神岡區,皮膚科,未知,神清路197號號,,2026-09-28 04:27
安德診所,台中市神岡區,皮膚科,未知,中山路737號04 2561 3730,,2026-09-28 04:27
王榮祿皮膚科診所,台中市神岡區,皮膚科,休息中/未營業,圓環東路91號已打烊,04 2515 4347,2026-09-28 04:27
佑林診所,台中市神岡區,皮膚科,休息中/未營業,中山路27號已打烊,04 2515 9896,2026-09-28 04:27
吳幸源皮膚科診所,台中市神岡區,皮膚科,休息中/未營業,中正路226號已打烊,04 2527 5700,2026-09-28 04:27
保東診所,台中市神岡區,皮膚科,休息中/未營業,神岡路73號已打烊,04 2562 2390,2026-09-28 04:27
李長模皮膚科,台中市神岡區,皮膚科,休息中/未營業,中正路124號已打烊,04 2525 0920,2026-09-28 04:27
杏安診所,台中市神岡區,皮膚科,休息中/未營業,中山路654號已打烊,04 2561 2869,2026-09-28 04:27
劉俊欣耳鼻喉科診所,台中市神岡區,皮膚科,休息中/未營業,"神岡路88巷12號, 1已打烊",04 2563 3797,2026-09-28 04:27
文福洗腎室,台中市神岡區,皮膚科,營業中,文政街58號2樓營業中,04 2563 4666,2026-09-28 04:27
楊得銘皮膚科診所,台中市神岡區,皮膚科,休息中/未營業,雅環路二段318號已打烊,04 2565 3075,2026-09-28 04:27
林政益小兒科診所,台中市神岡區,皮膚科,休息中/未營業,中山路33號已打烊,04 2515 2765,2026-09-28 04:27
新神岡復健科診所,台中市神岡區,皮膚科,營業中,中山路867號營業中,04 2563 2888,2026-09-28 04:27
馨柔診所,台中市神岡區,皮膚科,休息中/未營業,勝利路303號已打烊,04 2535 8326,2026-09-28 04:27
神岡區衛生所,台中市神岡區,皮膚科,營業中,神岡路2號營業中,04 2562 2792,2026-09-28 04:27
李大東皮膚科診所,台中市神岡區,皮膚科,休息中/未營業,民生路一段59號已打烊,04 2567 8162,2026-09-28 04:27
永福診所,台中市神岡區,皮膚科,營業中,中正路701號即將打烊：12:30,04 2528 0042,2026-09-28 04:27
臺中市神岡區公所,台中市神岡區,皮膚科,營業中,神岡路30號營業中,04 2562 0841,2026-09-28 04:27
皮膚科及醫學美容科,台中市神岡區,皮膚科,未知,台中市神岡區,,2026-09-28 04:27
黃骨科外科診所,台中市神岡區,整形外科,休息中/未營業,神林南路175號已打烊,04 2560 3133,2026-09-28 04:27
樂天兒科診所/小兒專科/台灣兒童過敏氣喘免疫專科,台中市神岡區,診所,休息中/未營業,神岡路38號已打烊,04 2563 0200,2026-09-28 04:27
恩德診所,台中市神岡區,診所,未知,和睦路一段34號04 2561 8290,,2026-09-28 04:27
林小兒科診所,台中市神岡區,診所,休息中/未營業,神岡路24號已打烊,04 2561 0165,2026-09-28 04:27
施一中診所,台中市神岡區,診所,未知,中山路654號,,2026-09-28 04:27
銘德診所,台中市神岡區,診所,未知,神岡路105號04 2562 3329,,2026-09-28 04:27
林修名診所-泌尿科、外科,台中市神岡區,泌尿科,休息中/未營業,"號 3 樓, No. 193圓環南路已打烊",04 2513 0166,2026-09-28 04:27
豐原醫院泌尿科,台中市神岡區,泌尿科,休息中/未營業,台中市神岡區,,2026-09-28 04:27
天益診所,台中市神岡區,泌尿科,營業中,和平街33號營業中,04 2522 2532,2026-09-28 04:27
台中榮總泌尿醫學部,台中市神岡區,泌尿科,未知,台中市神岡區,,2026-09-28 04:27
林田診所,台中市神岡區,泌尿科,休息中/未營業,合作街53號已打烊,04 2537 7248,2026-09-28 04:27
林明亮診所,台中市神岡區,泌尿科,休息中/未營業,頭張路一段3號已打烊,04 2532 2246,2026-09-28 04:27
光星骨科復健器材股份有限公司,台中市神岡區,骨科,營業中,豐洲路1096號營業中,080 003 6678,2026-09-28 04:27
重德診所,台中市神岡區,骨科,休息中/未營業,中山路489號已打烊,04 2526 3709,2026-09-28 04:27
重仁骨科診所,台中市神岡區,骨科,休息中/未營業,中山路487號已打烊,04 2523 7075,2026-09-28 04:27
吳晉淵骨科診所,台中市神岡區,骨科,休息中/未營業,三民路65號1.2樓已打烊,04 2535 5206,2026-09-28 04:27
如毅診所︱復健科、外科、兒童早療,台中市神岡區,骨科,營業中,中興路112號營業中,04 2526 3806,2026-09-28 04:27
漢忠醫院Han-Chung Hospital --骨科復健/疼痛療程/運動醫學/急性後期照護/勞工體檢,台中市神岡區,骨科,休息中/未營業,中正路218號已打烊,04 2522 2209,2026-09-28 04:27
周振熙骨科外科專科診所（已遷移至圓環東路640號了喔！）,台中市神岡區,骨科,休息中/未營業,圓環東路640號已打烊,04 2512 2380,2026-09-28 04:27
健新復健科診所,台中市神岡區,骨科,營業中,中正路440號營業中,04 2527 3048,2026-09-28 04:27
唐偉峯復健科診所,台中市神岡區,骨科,休息中/未營業,中山路371號已打烊,04 2529 7228,2026-09-28 04:27
呂維國婦產科診所－婦產科｜小兒科｜乳房外科｜成人健檢｜四癌篩檢,台中市神岡區,婦產科,休息中/未營業,中正路348號已打烊,04 2526 2889,2026-09-28 04:27
呂錫修婦產科診所,台中市神岡區,婦產科,未知,五權路101號04 2528 5108,,2026-09-28 04:27
呂岡原聯合診所,台中市神岡區,婦產科,休息中/未營業,三民路174號已打烊,04 2522 8302,2026-09-28 04:27
優生聯合婦產科診所,台中市神岡區,婦產科,休息中/未營業,中正路282號已打烊,04 2527 3395,2026-09-28 04:27
文華婦產科診所,台中市神岡區,婦產科,休息中/未營業,中正路170號已打烊,04 2527 3385,2026-09-28 04:27
新惠生婦產科,台中市神岡區,婦產科,未知,圓環北路一段319號24 小時營業,04 2522 8792,2026-09-28 04:27
洪榮信診所,台中市神岡區,婦產科,休息中/未營業,中正路888號已打烊,04 2528 7157,2026-09-28 04:27
弘光婦產科診所,台中市神岡區,婦產科,未知,市前街69號,,2026-09-28 04:27
晶晏國際企業有限公司,台中市神岡區,醫學美容,營業中,中車路13-20號營業中,04 2560 9393,2026-09-28 04:27
盟欽國際樂活事業社（建材批發·AM瑞士保養品）,台中市神岡區,醫學美容,營業中,中山路667巷56號營業中,04 2563 4530,2026-09-28 04:27
Lian減痛泌乳,台中市神岡區,醫學美容,未知,成功路66巷24 小時營業,,2026-09-28 04:27
璽悅診所|預防醫學|抗衰老|血液淨化|EECP體外反搏|心血管專家|健康管理|慢性病照護|性功能障礙|醫學美容|,台中市神岡區,醫學美容,營業中,豐原大道四段463號營業中,04 2525 2555,2026-09-28 04:27
敬煇企業有限公司,台中市神岡區,醫學美容,營業中,中山路447號營業中,04 2562 6193,2026-09-28 04:27
COCO 美髮沙龍-神岡頭皮護理|必去美髮|專業染髮|專業剪髮|日韓燙髮|推薦剪髮|頭皮SPA護理|在地推薦美髮,台中市神岡區,美容,營業中,中車路83-2號營業中,,2026-09-28 04:27
PANDORA(潘朵拉)美甲屋,台中市神岡區,美容,營業中,中車路60號營業中,,2026-09-28 04:27
台中樂活髮型沙龍,台中市神岡區,美容,營業中,厚生路58之1號營業中,,2026-09-28 04:27
髮琚Hair studio,台中市神岡區,美容,營業中,大漢街36號營業中,,2026-09-28 04:27
IDEA享髮概念館,台中市神岡區,美容,營業中,大漢街31巷16弄8號營業中,,2026-09-28 04:27
亞曼妮美髮沙龍(預約制),台中市神岡區,美容,營業中,神岡路74號營業中,,2026-09-28 04:27
賽斯髮藝,台中市神岡區,美容,營業中,中山路1204號營業中,,2026-09-28 04:27
美虹時尚髮藝,台中市神岡區,美容,營業中,神林路10號營業中,,2026-09-28 04:27
彩藝造型坊* VERSATILE BARBER SHOP*,台中市神岡區,美容,營業中,民生路36-2號營業中,,2026-09-28 04:27
藝衢髮廊EChu Hair Salon,台中市神岡區,美容,休息中/未營業,中山路688號已打烊,,2026-09-28 04:27
HAN Hair dressing,台中市神岡區,美容,營業中,中山路42號營業中,,2026-09-28 04:27
髮秀仕,台中市神岡區,美容,營業中,中正路64號營業中,,2026-09-28 04:27
三姊妹美髮店,台中市神岡區,美容,未知,中山路614巷134-172號,,2026-09-28 04:27
百元剪髮,台中市神岡區,美容,營業中,文政街17之2號營業中,,2026-09-28 04:27
艷虹美容院,台中市神岡區,美容,營業中,神清路209號營業中,,2026-09-28 04:27
羅卡莉 美顏會館,台中市神岡區,美容,營業中,神清路56-16號營業中,,2026-09-28 04:27
馨方優活美顏坊,台中市神岡區,美容,營業中,中山路1133號營業中,,2026-09-28 04:27
婇妍時尚美髮沙龍,台中市神岡區,美容,營業中,中正路38號營業中,,2026-09-28 04:27
風姿美容坊,台中市神岡區,美容,未知,中山路1039號,,2026-09-28 04:27
蒔光肌韓式皮膚管理,台中市神岡區,皮膚管理,營業中,一心路24號營業中,,2026-09-28 04:27
皮膚管理保養專家,台中市神岡區,皮膚管理,未知,中正路151號,,2026-09-28 04:27
NA NA SPA,台中市神岡區,皮膚管理,未知,大洲路402號0909 200 248,,2026-09-28 04:27
洗酸小舖 ︱森原•調理所（完全預約制),台中市神岡區,皮膚管理,休息中/未營業,社南街167號1樓已打烊,0968 273 557,2026-09-28 04:27
H•STUDIO 台中霧眉｜美體｜艾草溫罐,台中市神岡區,皮膚管理,營業中,岸興街17號營業中,,2026-09-28 04:27
ORLA美學顏究所.皮膚管理,台中市神岡區,皮膚管理,未知,大林路140巷118-1號,,2026-09-28 04:27
W Face 皮膚管理,台中市神岡區,皮膚管理,未知,雅環二段332號2樓,,2026-09-28 04:27
EBO Beauty 韓國皮膚管理.紋繡,台中市神岡區,皮膚管理,營業中,信義街202號2樓營業中,,2026-09-28 04:27
神岡區神岡與山皮里活動中心,台中市神岡區,皮膚管理,營業中,中正南街80巷8號營業中,04 2562 0841,2026-09-28 04:27
Ellie Studio 霧眉丨皮膚管理丨鹿茸外泌體,台中市神岡區,皮膚管理,未知,福潭路870巷41號,,2026-09-28 04:27
Nong face 挵臉,台中市神岡區,皮膚管理,未知,文昌街187號,,2026-09-28 04:27
寶雅 台中神岡店,台中市神岡區,皮膚管理,營業中,民生路29-2號營業中,04 2561 6262,2026-09-28 04:27
New way妮葳,台中市神岡區,皮膚管理,休息中/未營業,民生路四段212號已打烊,04 2566 0877,2026-09-28 04:27
Holly Skin Studio荷莉美學,台中市后里區,醫美,休息中/未營業,三光路168號已打烊,0955 129 899,2026-09-28 04:27
后里美學•Skina studio｜韓式皮膚管理｜霧眉｜半永久紋繡｜熱蠟美肌｜法式美睫,台中市后里區,醫美,營業中,文化路66號營業中,0988 770 519,2026-09-28 04:27
沐妍SPA,台中市后里區,醫美,營業中,甲后路一段249號營業中,04 2558 5399,2026-09-28 04:27
緁絲沛科學美容,台中市后里區,醫美,未知,大圳路639號3樓,,2026-09-28 04:27
舒曼SPA館｜美容美體｜無痛除毛｜冰肌除毛｜男女精油按摩｜后里按摩推薦｜后里美容｜后里按摩｜后里SPA|后里除毛｜,台中市后里區,醫美,營業中,中山路1號營業中,0936 790 155,2026-09-28 04:27
Lris 黎芮絲時尚美容 甲后店,台中市后里區,醫美,營業中,甲后路一段658號營業中,04 2557 7843,2026-09-28 04:27
資生診所,台中市后里區,醫美,休息中/未營業,四村路61號已打烊,04 2556 2059,2026-09-28 04:27
馨婷spa美妍館,台中市后里區,醫美,營業中,文化路217之6號營業中,04 2558 7049,2026-09-28 04:27
艾黛爾美容工作室,台中市后里區,醫美,未知,甲后路三段116號24 小時營業,0972 781 085,2026-09-28 04:27
蘭提絲美睫,台中市后里區,醫美,營業中,"203 號, 甲后路營業中",,2026-09-28 04:27
李煥照婦產專科診所Dr.Lee’s Women Clinic,台中市后里區,醫美,休息中/未營業,文明路33號已打烊,04 2558 1886,2026-09-28 04:27
后里維恩聯合診所,台中市后里區,醫美,休息中/未營業,甲后路一段480號已打烊,04 2558 6608,2026-09-28 04:27
Pony Rose 小馬玫瑰美妍美體工作室,台中市后里區,醫美,營業中,內東路廣成巷73號3F營業中,0906 711 600,2026-09-28 04:27
健安內科診所洗腎中心,台中市后里區,醫美,營業中,甲后路一段363號營業中,04 2558 6398,2026-09-28 04:27
施博元診所,台中市后里區,醫美,休息中/未營業,民生路220號已打烊,04 2557 2699,2026-09-28 04:27
芙華診所 - 專業醫美,台中市后里區,醫美,營業中,"市政北三路35號1,2樓營業中",04 2251 0105,2026-09-28 04:27
舒逸美學SU E SPA|美睫｜熱蠟美肌｜美容美體｜ 紋繡客製化｜曲線管理,台中市后里區,美學,未知,大圳路409號1F24 小時營業,,2026-09-28 04:27
Lana-菈娜美學館 |后里｜美甲｜美睫｜紋繡｜韓式皮膚管理｜微刺青,台中市后里區,美學,營業中,成功路105巷4號營業中,,2026-09-28 04:27
香堤美學（專業接睫毛．光固美睫．妝感霧眉．熱蠟．粉刺痘痘調理．各種肌膚問題）,台中市后里區,美學,營業中,甲后路一段746號營業中,,2026-09-28 04:27
后里Ej藝睫時尚美學/美甲美睫/美容美體/角蛋白/水霧眉/眼線/創業教學,台中市后里區,美學,營業中,三光路197號營業中,,2026-09-28 04:27
妏沁經絡美學｜男女按摩｜男女除毛｜滑罐刮痧｜采耳耳燭,台中市后里區,美學,營業中,后里路27巷24弄2-2號營業中,,2026-09-28 04:27
花漾Spa美學,台中市后里區,美學,營業中,文明路31巷48號營業中,,2026-09-28 04:27
J.K 舒適美學,台中市后里區,美學,營業中,甲后路一段227巷116號營業中,,2026-09-28 04:27
魏渝美學坊- 后里美甲 美容 美體 （近豐原、三義、大甲、外埔）,台中市后里區,美學,未知,甲后路一段636號2F24 小時營業,,2026-09-28 04:27
Jenny studio 專業韓式皮膚管理中心（后里韓式無痛清粉刺推薦/后里美學/台中皮膚管理/顱內耳燭/深層頭部療癒SPA/法式SPA/男士做臉/孕婦肌膚保養/后里做臉/療癒放鬆）,台中市后里區,美學,營業中,中和路7巷1號營業中,,2026-09-28 04:27
蘭堤斯時尚美學沙龍,台中市后里區,美學,營業中,甲后路一段231號營業中,,2026-09-28 04:27
曼美學美甲美睫,台中市后里區,美學,營業中,甲后路二段437號營業中,,2026-09-28 04:27
妍星宸美學（暫不開放新客預約）,台中市后里區,美學,營業中,文明路118號營業中,,2026-09-28 04:27
髮藝時尚美學^ _ ^,台中市后里區,美學,營業中,福音路124號營業中,,2026-09-28 04:27
后里Dolly朵麗美甲美睫新秘,台中市后里區,美學,營業中,三豐路四段128號營業中,,2026-09-28 04:27
Vanessa 時尚美甲,台中市后里區,美學,營業中,二 圳 路 568 巷67號營業中,,2026-09-28 04:27
宥羚美容芳香舒壓工作室,台中市后里區,肌膚管理,營業中,甲后路一段261巷38弄118弄12號營業中,,2026-09-28 04:27
詩薇雅_后里美容美體-護膚、臉部舒壓、頭部淨化、SPA、體雕,台中市后里區,肌膚管理,營業中,三豐路三段1068號營業中,,2026-09-28 04:27
荳荳美容坊,台中市后里區,肌膚管理,營業中,中興街152號營業中,,2026-09-28 04:27
VIN唯恩肌膚管理中心 Beauty店,台中市后里區,肌膚管理,營業中,后庄路119號營業中,,2026-09-28 04:27
7 Lady Beauty 仕女美學,台中市后里區,肌膚管理,營業中,后庄路29號營業中,,2026-09-28 04:27
Aileen肌膚美學.豐原做臉.豐原清粉刺,台中市后里區,肌膚管理,營業中,台中市后里區,,2026-09-28 04:27
筠季美容館,台中市后里區,肌膚管理,營業中,文化路51號營業中,,2026-09-28 04:27
后里診所,台中市后里區,皮膚科,休息中/未營業,四村路76號已打烊,04 2558 1125,2026-09-28 04:27
佳音診所,台中市后里區,皮膚科,休息中/未營業,甲后路一段400號已打烊,04 2557 3268,2026-09-28 04:27
后安診所,台中市后里區,皮膚科,休息中/未營業,甲后路一段315號已打烊,04 2558 7800,2026-09-28 04:27
國泰診所,台中市后里區,皮膚科,休息中/未營業,甲后路一段255號已打烊,04 2557 7378,2026-09-28 04:27
張偉煌診所,台中市后里區,皮膚科,休息中/未營業,三豐路三段1070號已打烊,04 2558 0008,2026-09-28 04:27
后里張婦產外科診所,台中市后里區,皮膚科,休息中/未營業,甲后路一段531號已打烊,04 2556 0555,2026-09-28 04:27
生和診所,台中市后里區,皮膚科,休息中/未營業,甲后路一段489號已打烊,04 2556 2163,2026-09-28 04:27
望晴診所,台中市后里區,皮膚科,休息中/未營業,甲后路一段813號已打烊,04 2558 5284,2026-09-28 04:27
后豐診所糖尿病附設洗腎中心,台中市后里區,皮膚科,休息中/未營業,三豐路四段61號已打烊,04 2558 5358,2026-09-28 04:27
吉泰診所,台中市后里區,皮膚科,休息中/未營業,甲后路一段165號已打烊,04 2558 6402,2026-09-28 04:27
易生診所,台中市后里區,皮膚科,休息中/未營業,三光路81號已打烊,04 2557 2957,2026-09-28 04:27
嘉家診所,台中市后里區,皮膚科,休息中/未營業,民生路82號已打烊,04 2557 2687,2026-09-28 04:27
蕭天讚小兒科診所,台中市后里區,皮膚科,休息中/未營業,甲后路一段589號已打烊,04 2558 4352,2026-09-28 04:27
大明眼科診所,台中市后里區,皮膚科,休息中/未營業,文明路31巷1之3號已打烊,04 2558 5598,2026-09-28 04:27
后里區衛生所,台中市后里區,皮膚科,營業中,公安路86號營業中,04 2556 2048,2026-09-28 04:27
和康聯合診所,台中市后里區,診所,休息中/未營業,福音路26號已打烊,04 2558 0782,2026-09-28 04:27
黃明弘診所,台中市后里區,泌尿科,休息中/未營業,安康路63號已打烊,04 2520 0392,2026-09-28 04:27
裕昌國術館,台中市后里區,骨科,休息中/未營業,福音路60巷3號已打烊,04 2559 1087,2026-09-28 04:27
陳醫事病理檢驗所,台中市后里區,骨科,休息中/未營業,甲后路一段331巷7號已打烊,04 2556 9898,2026-09-28 04:27
圓環東聯合診所 (骨外科/復健科/內科糖尿病共照網/肝膽腸胃)附設 X光設備 /大腸/胃鏡/超音波/復健治療,台中市后里區,骨科,營業中,圓環東路656號營業中,04 2522 0739,2026-09-28 04:27
慈恩傷科整脊館,台中市后里區,骨科,休息中/未營業,甲后路140號已打烊,04 2558 9020,2026-09-28 04:27
鄭文瑞婦產科診所,台中市后里區,骨科,休息中/未營業,文明路190號已打烊,04 2558 7722,2026-09-28 04:27
彤芯精油溫感刮痧SPA館(后里店）,台中市后里區,醫學美容,營業中,民生路67號營業中,,2026-09-28 04:27
采風美學診所,台中市后里區,醫學美容,休息中/未營業,環中路四段221號已打烊,,2026-09-28 04:27
采風醫美-仁愛美學診所,台中市后里區,醫學美容,營業中,國光路二段417號營業中,,2026-09-28 04:27
歐梵美甲-台中后里店/美甲/美睫/霧眉/熱蠟除毛/美容/美體/艾草溫罐,台中市后里區,美容,營業中,南村路333巷42-3號營業中,,2026-09-28 04:27
詩威特國際美容后里三豐店,台中市后里區,美容,營業中,三豐路三段1116號營業中,,2026-09-28 04:27
叢生JUNGLE｜后里霧眉｜后里紋髮SMP｜后里修眉,台中市后里區,美容,營業中,成功路105巷9號營業中,,2026-09-28 04:27
小髮芽 LITTLE SPROUT HAIR,台中市后里區,美容,營業中,文化路53號營業中,,2026-09-28 04:27
后里美甲 onisnail studio,台中市后里區,美容,營業中,中山路82號2樓營業中,,2026-09-28 04:27
雅鈴挽臉,台中市后里區,美容,營業中,大興路34號營業中,,2026-09-28 04:27
逍遙泰式養生館,台中市后里區,美容,營業中,三豐路三段623號營業中,,2026-09-28 04:27
彩雅男女健康養生館-指壓-油壓-刮痧-滑罐-拔罐,台中市后里區,美容,營業中,成功路52-1號營業中,,2026-09-28 04:27
嵐緹造型沙龍,台中市后里區,美容,營業中,甲后路一段879號營業中,,2026-09-28 04:27
屈臣氏Watsons 后里門市,台中市后里區,皮膚管理,營業中,甲后路一段447號營業中,04 2558 8013,2026-09-28 04:27
東勢醫達人診所,台中市東勢區,醫美,休息中/未營業,東坑路285號已打烊,04 2588 8585,2026-09-28 04:27
研華皮膚專科診所,台中市東勢區,醫美,休息中/未營業,豐勢路406號已打烊,04 2577 2033,2026-09-28 04:27
東豐診所-東勢區,台中市東勢區,醫美,營業中,豐勢路318號3樓營業中,04 2577 0032,2026-09-28 04:27
陳瑞明診所,台中市東勢區,醫美,休息中/未營業,豐勢路548號已打烊,04 2588 8355,2026-09-28 04:27
梁外科診所,台中市東勢區,醫美,營業中,豐勢路611之1號營業中,04 2587 2053,2026-09-28 04:27
雅之診所,台中市東勢區,醫美,未知,豐勢路469號04 2588 6877,,2026-09-28 04:27
山城診所,台中市東勢區,醫美,休息中/未營業,中山路88號1樓已打烊,04 2588 5155,2026-09-28 04:27
東勢朱永泰診所,台中市東勢區,醫美,休息中/未營業,豐勢路172號已打烊,04 2587 1700,2026-09-28 04:27
奇美眼鏡行,台中市東勢區,醫美,營業中,豐勢路270號屈臣氏旁營業中,04 2577 2777,2026-09-28 04:27
王美學診所,台中市東勢區,醫美,營業中,三民路55號營業中,04 2526 9855,2026-09-28 04:27
一民診所,台中市東勢區,醫美,休息中/未營業,三民街48號已打烊,04 2587 5170,2026-09-28 04:27
蘿絲Spa美妍生活館,台中市東勢區,醫美,營業中,中山路47號營業中,04 2577 1858,2026-09-28 04:27
東勢張診所,台中市東勢區,醫美,休息中/未營業,豐勢路542號已打烊,04 2587 6662,2026-09-28 04:27
佶園吉利外科診所,台中市東勢區,醫美,休息中/未營業,豐勢路398號已打烊,04 2577 0000,2026-09-28 04:27
林錦芳診所,台中市東勢區,醫美,休息中/未營業,豐勢路283號已打烊,04 2577 1838,2026-09-28 04:27
東森REGAL CLUB & SPA 台中豐洋百貨豐原店(原NB東森自然美),台中市東勢區,醫美,營業中,復興路2號台中豐原太平洋SOGO百貨4樓營業中,04 2522 0180,2026-09-28 04:27
康是美 東勢門市,台中市東勢區,醫美,營業中,豐勢路391號營業中,04 2577 2457,2026-09-28 04:27
蒲公英美學 🔥 手足美甲、采耳,台中市東勢區,美學,營業中,新盛十二街69巷56號營業中,,2026-09-28 04:27
彤妍美學沙龍（東勢工作室）,台中市東勢區,美學,營業中,文新二街33號營業中,,2026-09-28 04:27
小梅美學工作室,台中市東勢區,美學,營業中,三民街21號營業中,,2026-09-28 04:27
能量美體美學julie 工作坊,台中市東勢區,美學,營業中,第三橫街81號2樓營業中,,2026-09-28 04:27
貳室美學｜美甲ｘ美睫ｘ穿戴甲．質感專門,台中市東勢區,美學,營業中,東崎路五段482號營業中,,2026-09-28 04:27
Sharon 莎蘿時尚美學「專業光固美睫/極致妝感柔霧眉/夢幻輕奢美唇/隱形美瞳眼線/技術教學」,台中市東勢區,美學,營業中,文化街92號營業中,,2026-09-28 04:27
Yuna尤娜 美學,台中市東勢區,美學,營業中,東關路七段23號營業中,,2026-09-28 04:27
天天哈娜美學工作室│妝感霧眉 ▪️ 飄眉│東勢霧眉,台中市東勢區,美學,未知,豐勢路614號24 小時營業,,2026-09-28 04:27
香媞美學眉睫藝術會館,台中市東勢區,美學,營業中,第五橫街60號營業中,,2026-09-28 04:27
東森自然美 東勢豐勢店,台中市東勢區,美學,未知,豐勢路229號,,2026-09-28 04:27
韻佳美學,台中市東勢區,美學,營業中,豐勢路梅子巷37之5號營業中,,2026-09-28 04:27
OceanBeauty海洋美學,台中市東勢區,美學,未知,新盛街372號,,2026-09-28 04:27
時尚美美顏工作室,台中市東勢區,美學,營業中,豐勢路287號營業中,,2026-09-28 04:27
佐登妮絲專業SPA_東勢豐勢店,台中市東勢區,肌膚管理,營業中,豐勢路278號營業中,,2026-09-28 04:27
詩威特國際美容東勢豐勢店,台中市東勢區,肌膚管理,營業中,豐勢路306號營業中,,2026-09-28 04:27
新社 Teresa 泰瑞莎美學院－皮膚管理/熱蠟除毛/美胸按摩/乙鈦深層排酸管理/精油舒壓管理/孕婦按摩/產後泌乳疏通,台中市東勢區,肌膚管理,營業中,中和街四段101號營業中,,2026-09-28 04:27
ÜMOR優沐美學｜豐原美容｜韓式肌膚管理・問題性肌膚・手清粉刺,台中市東勢區,肌膚管理,營業中,瑞興路48號1樓營業中,,2026-09-28 04:27
Smile Beauty地毯式肌膚管理/豐原臉部保養/白藻針,台中市東勢區,肌膚管理,營業中,社皮路185巷40之1號營業中,,2026-09-28 04:27
瑩美妍｜刮痧｜放鬆按摩｜舒壓服務｜新社東勢石岡,台中市東勢區,肌膚管理,營業中,中和街五段51號營業中,,2026-09-28 04:27
詩威特豐原中正店,台中市東勢區,肌膚管理,營業中,中正路322號營業中,,2026-09-28 04:27
My Way Nail 甲硏所.豐原美甲.豐原美睫.豐原美容美體.豐原磨足底皮.手足保養.手足SPA深層保養.熱蠟除毛.台中美甲.東勢美甲.新社美甲.台中美容.台中除毛.東勢除毛.新社除毛.豐原廟東,台中市東勢區,肌膚管理,營業中,瑞興路48號營業中,,2026-09-28 04:27
慶恩內皮膚科診所,台中市東勢區,皮膚科,休息中/未營業,豐勢路417號已打烊,04 2587 9589,2026-09-28 04:27
東勢協和聯合診所,台中市東勢區,整形外科,休息中/未營業,豐勢路318號已打烊,04 2587 2113,2026-09-28 04:27
維仁診所,台中市東勢區,整形外科,營業中,中新街1號營業中,04 2588 7799,2026-09-28 04:27
東福診所,台中市東勢區,整形外科,營業中,豐勢路510號2-3樓營業中,04 2588 1231,2026-09-28 04:27
外科系,台中市東勢區,整形外科,未知,台中市東勢區,,2026-09-28 04:27
建民聯合診所,台中市東勢區,整形外科,未知,豐勢路262號04 2587 3995,,2026-09-28 04:27
一般內科,台中市東勢區,整形外科,未知,台中市東勢區,,2026-09-28 04:27
東勢蔡外科診所,台中市東勢區,整形外科,未知,豐勢路510號暫時關閉,04 2588 6596,2026-09-28 04:27
長頸鹿小兒科診所,台中市東勢區,診所,休息中/未營業,豐勢路418號已打烊,04 2577 1809,2026-09-28 04:27
維恩耳鼻喉科診所,台中市東勢區,診所,休息中/未營業,豐勢路372號已打烊,04 2588 5413,2026-09-28 04:27
湯瑪仕小兒科診所,台中市東勢區,診所,休息中/未營業,豐勢路445號已打烊,04 2577 2366,2026-09-28 04:27
建康耳鼻喉科診所,台中市東勢區,診所,休息中/未營業,豐勢路504號已打烊,04 2587 9780,2026-09-28 04:27
農安診所,台中市東勢區,診所,營業中,豐勢路297號6 樓營業中,04 2588 0201,2026-09-28 04:27
潘耳鼻喉科診所,台中市東勢區,診所,休息中/未營業,豐勢路496號已打烊,04 2588 0587,2026-09-28 04:27
張德旺耳鼻喉科診所,台中市東勢區,診所,休息中/未營業,豐勢路559號已打烊,04 2587 2206,2026-09-28 04:27
東勢區農會附設農民醫院,台中市東勢區,診所,未知,豐勢路297號24 小時營業,04 2577 1919,2026-09-28 04:27
元和診所,台中市東勢區,診所,未知,豐勢路318號,,2026-09-28 04:27
東勢區衛生所,台中市東勢區,診所,休息中/未營業,豐勢路490號已打烊,04 2587 3872,2026-09-28 04:27
岡林診所,台中市東勢區,診所,未知,豐勢路283號,,2026-09-28 04:27
東勢大學眼科診所,台中市東勢區,診所,休息中/未營業,豐勢路354號已打烊,04 2577 4471,2026-09-28 04:27
小兒科,台中市東勢區,診所,未知,台中市東勢區,,2026-09-28 04:27
林眼科診所,台中市東勢區,診所,休息中/未營業,豐勢路326號已打烊,04 2588 4055,2026-09-28 04:27
張威儀診所,台中市東勢區,泌尿科,休息中/未營業,中興路63號已打烊,04 2529 3058,2026-09-28 04:27
衛生福利部豐原醫院,台中市東勢區,泌尿科,未知,安康路100號24 小時營業,04 2527 1180,2026-09-28 04:27
林隆弘診所,台中市東勢區,泌尿科,營業中,田心路二段40號營業中,04 2526 8432,2026-09-28 04:27
林新診所,台中市東勢區,泌尿科,未知,興社街四段73之1號04 2581 1266,,2026-09-28 04:27
智聖診所｜豐原痔瘡職人店｜大腸直腸外科｜消化外科｜雷射痔瘡手術｜微創痔瘡手術｜內視鏡減重｜舒眠腸胃鏡｜胃肉毒減重｜無痛腸胃鏡｜外傷專科｜瘻管肛裂血便,台中市東勢區,泌尿科,休息中/未營業,三民路65號6樓已打烊,04 2515 0200,2026-09-28 04:27
三仁診所（自費診所）,台中市東勢區,泌尿科,休息中/未營業,中山路379號已打烊,04 2522 1850,2026-09-28 04:27
忻育物理治療所,台中市東勢區,骨科,營業中,豐勢路396號1樓營業中,0908 631 282,2026-09-28 04:27
隆安聯合診所,台中市東勢區,骨科,休息中/未營業,興安路32號已打烊,04 2582 1541,2026-09-28 04:27
仁合婦產科診所,台中市東勢區,婦產科,休息中/未營業,中山路56號1樓已打烊,04 2588 7589,2026-09-28 04:27
新惠生醫院 - 婦產科｜產檢｜婦科｜乳房外科｜小兒心臟科,台中市東勢區,婦產科,休息中/未營業,圓環北路一段319號已打烊,04 2522 8792,2026-09-28 04:27
平平安安醫療器材行東勢店,台中市東勢區,醫學美容,營業中,豐勢路367號營業中,04 2588 0266,2026-09-28 04:27
梵堤美容技術中心,台中市東勢區,醫學美容,未知,東關路七段592號0933 197 989,,2026-09-28 04:27
荷漾芳療經絡按摩 • 心靈會客室,台中市東勢區,醫學美容,營業中,正五街12號營業中,0933 558 104,2026-09-28 04:27
花悅禪芯自然療癒工作室,台中市東勢區,醫學美容,未知,新盛二街76號24 小時營業,0901 339 949,2026-09-28 04:27
杏一醫療用品東勢農醫店,台中市東勢區,醫學美容,營業中,忠孝街18號營業中,04 2577 2555,2026-09-28 04:27
東勢 薇蓉藝術髮典,台中市東勢區,美容,營業中,豐勢路505號營業中,,2026-09-28 04:27
馨肌美人工作坊,台中市東勢區,美容,營業中,東關路六段1077號營業中,,2026-09-28 04:27
臻麗美髮沙龍,台中市東勢區,美容,營業中,"63號, 中山路營業中",,2026-09-28 04:27
晴誼采耳·艾草溫罐工作室,台中市東勢區,美容,營業中,三民街88號營業中,,2026-09-28 04:27
AR Hair,台中市東勢區,美容,營業中,"號 No, No. 23忠孝街營業中",,2026-09-28 04:27
✨🌸🌸宸朵美甲🌸🌸✨,台中市東勢區,美容,營業中,豐勢路200號營業中,,2026-09-28 04:27
花緹生技美容中心 如鈺會館台中市東勢區東蘭路78-20,台中市東勢區,美容,休息中/未營業,"東蘭路78-20號花緹, 生技美容中心如鈺會館No已打烊",,2026-09-28 04:27
WISH日屋髮廊(東勢店),台中市東勢區,美容,未知,豐勢路365號,,2026-09-28 04:27
水方圓身心舒活館_美容美體_按摩_東勢,台中市東勢區,美容,營業中,本街65號營業中,,2026-09-28 04:27
SJ詩潔髮型店,台中市東勢區,美容,營業中,東關路七段548號營業中,,2026-09-28 04:27
任我型百元快剪,台中市東勢區,美容,營業中,東坑路220號營業中,,2026-09-28 04:27
庭藝亞舍,台中市東勢區,美容,營業中,三民街75號營業中,,2026-09-28 04:27
屈臣氏 東勢門市,台中市東勢區,皮膚管理,營業中,豐勢路264號營業中,04 2587 4674,2026-09-28 04:27
樺漾薇醫診所,彰化縣鹿港鎮,醫美,休息中/未營業,正興路70號已打烊,,2026-09-28 04:27
非凡美學診所 鹿港店,彰化縣鹿港鎮,醫美,營業中,"5 號 No. 242, 中正路營業中",,2026-09-28 04:27
采風醫美-鹿基美容中心,彰化縣鹿港鎮,醫美,營業中,安福街45號營業中,,2026-09-28 04:27
京采皮膚專科診所,彰化縣鹿港鎮,醫美,休息中/未營業,復興路110號已打烊,,2026-09-28 04:27
美媜美容spa館,彰化縣鹿港鎮,醫美,未知,鹿和路四段17號,,2026-09-28 04:27
日蘊凡光 Skin one 蘊髮肌膚養護中心,彰化縣鹿港鎮,醫美,營業中,中正路242-1號營業中,,2026-09-28 04:27
星悅藝美皮膚管理中心,彰化縣鹿港鎮,醫美,未知,鹿草路二段281巷25號,,2026-09-28 04:27
洗臉貓 鹿港 中山店,彰化縣鹿港鎮,醫美,營業中,中山路5-1號1樓營業中,,2026-09-28 04:27
鹿可美學｜鹿港熱蠟美肌,彰化縣鹿港鎮,醫美,營業中,龍山街90號營業中,,2026-09-28 04:27
芙森salon 護膚·熱蠟除毛·泌乳·美胸按摩·創業教學,彰化縣鹿港鎮,醫美,營業中,博愛路11號營業中,,2026-09-28 04:27
露琺意LuVaii - 彰化鹿港店,彰化縣鹿港鎮,醫美,營業中,中正路259號營業中,,2026-09-28 04:27
彭村梅spa美容養生館 鹿港店,彰化縣鹿港鎮,醫美,營業中,鹿東路261號營業中,,2026-09-28 04:27
晨淨美妍SPA（美容/美體/彩妝/霧眉）,彰化縣鹿港鎮,醫美,營業中,永春街15巷13號營業中,,2026-09-28 04:27
露琺意LuVaii - 彰化鹿合店,彰化縣鹿港鎮,醫美,營業中,鹿和路三段593號2樓營業中,,2026-09-28 04:27
Ease Spa逸思舒放美學(凱膚霜) 定製皮膚管理 撥經職人 經絡按摩,彰化縣鹿港鎮,醫美,營業中,彰頂路62號營業中,,2026-09-28 04:27
Supermodel 美學,彰化縣鹿港鎮,醫美,營業中,永和街41號營業中,,2026-09-28 04:27
建美醫療器材,彰化縣鹿港鎮,醫美,營業中,民權路6號營業中,,2026-09-28 04:27
佳亞診所（內科門診/抗老化醫學/醫學美容微整）,彰化縣鹿港鎮,醫美,營業中,延平路592號營業中,,2026-09-28 04:27
芯漾皮膚科 - 彰化推薦明星專業醫美 電波音波 換膚皮秒 體雕 除毛 玻尿酸 海菲秀,彰化縣鹿港鎮,醫美,休息中/未營業,民族路425號5樓已打烊,,2026-09-28 04:27
美漾時尚美學 美睫,彰化縣鹿港鎮,醫美,營業中,安定街40號1樓營業中,,2026-09-28 04:27
永吉外科診所 | 彰化外科 整形外科 外傷治療 燙傷治療 疤痕治療 眼皮腫瘤 皮膚腫瘤 粉瘤 痘疤,彰化縣鹿港鎮,醫美,休息中/未營業,彰美路六段64號已打烊,,2026-09-28 04:27
Nabi Beauty 美學,彰化縣鹿港鎮,美學,營業中,復興路366巷6號2F營業中,,2026-09-28 04:27
太美了美學概念店-僅此一家,彰化縣鹿港鎮,美學,營業中,民族路36號營業中,,2026-09-28 04:27
馨美學,彰化縣鹿港鎮,美學,未知,思源路165巷26號,,2026-09-28 04:27
芯藝spa時尚美學,彰化縣鹿港鎮,美學,營業中,民族路327號營業中,,2026-09-28 04:27
秀均美學 Shiou Face Threading | 專業挽臉 • 臉部按摩 • 開運修眉 (建議先預約),彰化縣鹿港鎮,美學,營業中,萬壽路163號營業中,,2026-09-28 04:27
LiLi Beauty 梨里美學 鹿港店,彰化縣鹿港鎮,美學,營業中,橋興街188號營業中,,2026-09-28 04:27
伊蓮娜美學室,彰化縣鹿港鎮,美學,營業中,永春街112號營業中,,2026-09-28 04:27
SHU.美學設計,彰化縣鹿港鎮,美學,營業中,頂草路三段303之3號營業中,,2026-09-28 04:27
慢慢美學-美容美體,彰化縣鹿港鎮,美學,營業中,彰頂路224巷3號營業中,,2026-09-28 04:27
芳療美學,彰化縣鹿港鎮,美學,營業中,三民路38號營業中,,2026-09-28 04:27
有間美學 美甲｜鹿港居家工作室,彰化縣鹿港鎮,美學,營業中,海浴路204巷營業中,,2026-09-28 04:27
YOUYU|有魚美學 美睫/美甲,彰化縣鹿港鎮,美學,營業中,東隆路116號營業中,,2026-09-28 04:27
奈斯時尚美學館,彰化縣鹿港鎮,美學,營業中,中正路232-1號營業中,,2026-09-28 04:27
水漾美學,彰化縣鹿港鎮,美學,營業中,溝墘巷266弄4號營業中,,2026-09-28 04:27
喬伊絲美學 ｜熱蠟除毛 ｜手工霧眉｜採耳｜耳燭｜美睫｜全身按摩,彰化縣鹿港鎮,美學,未知,永寧街247號,,2026-09-28 04:27
黛爾時尚美學,彰化縣鹿港鎮,美學,營業中,中山南路172號營業中,,2026-09-28 04:27
Mon Chou 萌姝美學,彰化縣鹿港鎮,美學,營業中,民族路277號1樓營業中,,2026-09-28 04:27
巧絲美學 ｜鹿港福興美睫 法式睫毛管理 日式單根嫁接,彰化縣鹿港鎮,美學,營業中,彰鹿路七段433號營業中,,2026-09-28 04:27
蘊美學工作室,彰化縣鹿港鎮,美學,未知,鹿西路183巷51弄35號24 小時營業,,2026-09-28 04:27
Suhada溡椛美學 (預約制）,彰化縣鹿港鎮,美學,未知,自由路145號3樓,,2026-09-28 04:27
晨馨韓式皮膚管理｜睫毛管理｜日式淨毛,彰化縣鹿港鎮,肌膚管理,營業中,三民路12號1樓營業中,,2026-09-28 04:27
翡唯美 鹿港店-無痛清粉刺/痘痘/暗沉/敏感|做臉推薦|護膚保養|肌膚管理|男女生做臉|臉部保養,彰化縣鹿港鎮,肌膚管理,休息中/未營業,中山南路30號已打烊,,2026-09-28 04:27
沐夏-Sandra鹿港店/無痛清粉刺,彰化縣鹿港鎮,肌膚管理,休息中/未營業,永安一路20號已打烊,,2026-09-28 04:27
CHRiN_Beauty芯苒｜鹿港福興｜韓式皮膚管理 • 客製化肌膚保養 • PIF認證｜美睫,彰化縣鹿港鎮,肌膚管理,營業中,沿海路四段758號2F營業中,,2026-09-28 04:27
喬詩美容,彰化縣鹿港鎮,肌膚管理,營業中,永福路55號營業中,,2026-09-28 04:27
佐登妮絲專業SPA_彰化鹿港店,彰化縣鹿港鎮,肌膚管理,營業中,東隆路201號營業中,,2026-09-28 04:27
妍Spa 美學概念館,彰化縣鹿港鎮,肌膚管理,營業中,新盛街23號營業中,,2026-09-28 04:27
漫生活 美研妨,彰化縣鹿港鎮,肌膚管理,休息中/未營業,省中街45巷15號已打烊,,2026-09-28 04:27
中妘漢萃保養 - 鹿港店,彰化縣鹿港鎮,肌膚管理,營業中,思源路178巷3號營業中,,2026-09-28 04:27
顏指studio（鹿港美甲、韓式肌膚管理、水飛梭、凝膠指甲）,彰化縣鹿港鎮,肌膚管理,未知,彰鹿路七段558巷17弄60號,,2026-09-28 04:27
中妘漢萃保養品-鹿港-永安店,彰化縣鹿港鎮,肌膚管理,營業中,永安二路65巷6號營業中,,2026-09-28 04:27
Lohas skin care 樂活和美店,彰化縣鹿港鎮,肌膚管理,休息中/未營業,和卿路82號已打烊,,2026-09-28 04:27
陳恆中外科診所,彰化縣鹿港鎮,整形外科,休息中/未營業,中正路406之5號已打烊,04 778 7686,2026-09-28 04:27
葉宣哲診所,彰化縣鹿港鎮,整形外科,休息中/未營業,中山路348號已打烊,04 776 4495,2026-09-28 04:27
彰化基督教醫療財團法人鹿港基督教醫院,彰化縣鹿港鎮,整形外科,未知,中正路480號24 小時營業,04 777 9595,2026-09-28 04:27
林育慶泌尿專科診所,彰化縣鹿港鎮,整形外科,休息中/未營業,復興路340號已打烊,04 778 0328,2026-09-28 04:27
彰化林外科診所,彰化縣鹿港鎮,整形外科,休息中/未營業,長壽街175號已打烊,04 722 3963,2026-09-28 04:27
鹿港基督教醫院鹿基醫療大樓-急診室,彰化縣鹿港鎮,整形外科,未知,中正路480號24 小時營業,04 777 9595,2026-09-28 04:27
姚思美時尚診所,彰化縣鹿港鎮,整形外科,營業中,員林大道五段120號營業中,080 023 3699,2026-09-28 04:27
冠華醫院（內科|外科|洗腎) 疝氣、氣喘、肺功能檢查、血管手術、痔瘡廔管、腸胃疾病、三高控制、減肥減重、甲狀腺疾病、骨質疏鬆、關節疼痛、泌尿疾病、整形外科、成人健檢,彰化縣鹿港鎮,整形外科,休息中/未營業,中正路一段437號已打烊,04 725 6067,2026-09-28 04:27
游玉堂外科診所,彰化縣鹿港鎮,整形外科,營業中,雲長路142號營業中,04 712 6336,2026-09-28 04:27
潘毅外科診所,彰化縣鹿港鎮,整形外科,休息中/未營業,彰水路三段317號已打烊,04 882 9992,2026-09-28 04:27
仙杜瑞拉診所,彰化縣鹿港鎮,整形外科,休息中/未營業,莒光路697-1號已打烊,04 833 5198,2026-09-28 04:27
彰化基督教醫療財團法人鹿東基督教醫院,彰化縣鹿港鎮,整形外科,營業中,鹿東路二段888號營業中,04 778 9595,2026-09-28 04:27
黃彥文骨科診所,彰化縣鹿港鎮,整形外科,休息中/未營業,中正路20巷6號已打烊,04 799 8298,2026-09-28 04:27
門診大樓_秀傳紀念醫院,彰化縣鹿港鎮,整形外科,未知,中山路一段545號24 小時營業,04 725 6166,2026-09-28 04:27
艾絲柏美學診所 Clinique de l'Espoir｜員林,彰化縣鹿港鎮,整形外科,休息中/未營業,明泉街138號5樓已打烊,04 836 6113,2026-09-28 04:27
陳景德診所,彰化縣鹿港鎮,整形外科,休息中/未營業,中正路一段415號已打烊,04 725 6979,2026-09-28 04:27
楊振承外科醫院,彰化縣鹿港鎮,整形外科,未知,中正路一段269號04 722 4112,,2026-09-28 04:27
謝外科診所,彰化縣鹿港鎮,整形外科,休息中/未營業,中正路二段181號已打烊,04 725 0292,2026-09-28 04:27
綺美醫學美容專科診所,彰化縣鹿港鎮,整形外科,休息中/未營業,大同路一段402號2樓已打烊,04 831 1555,2026-09-28 04:27
伸港忠孝醫院,彰化縣鹿港鎮,整形外科,營業中,忠孝路30號營業中,04 799 1618,2026-09-28 04:27
謝義德外科診所,彰化縣鹿港鎮,整形外科,休息中/未營業,中正路二段53號500已打烊,04 722 9909,2026-09-28 04:27
整型外科,彰化縣鹿港鎮,整形外科,未知,中正路201號,,2026-09-28 04:27
彰濱秀傳紀念醫院 | 機器手臂 醫薩刀 微創手術 | 婦產科 | 兒科 | 急診,彰化縣鹿港鎮,整形外科,未知,鹿工路6號24 小時營業,04 781 3888,2026-09-28 04:27
頂安診所,彰化縣鹿港鎮,診所,休息中/未營業,鹿和路三段381號已打烊,04 772 2989,2026-09-28 04:27
豐安診所,彰化縣鹿港鎮,診所,休息中/未營業,海浴路11之1號已打烊,04 776 3711,2026-09-28 04:27
順泰聯合診所,彰化縣鹿港鎮,診所,休息中/未營業,民權路57號已打烊,04 776 9955,2026-09-28 04:27
黃俊熙診所,彰化縣鹿港鎮,診所,休息中/未營業,頂草路一段12號已打烊,04 771 8955,2026-09-28 04:27
穎宣診所,彰化縣鹿港鎮,診所,休息中/未營業,中山路327號已打烊,04 778 1192,2026-09-28 04:27
金山診所,彰化縣鹿港鎮,診所,休息中/未營業,中山路182號已打烊,04 777 7633,2026-09-28 04:27
施明哲診所,彰化縣鹿港鎮,診所,未知,慶安街116號04 772 0866,,2026-09-28 04:27
鹿合耳鼻喉科診所,彰化縣鹿港鎮,診所,休息中/未營業,鹿和路三段593號已打烊,04 772 0588,2026-09-28 04:27
王健龍診所,彰化縣鹿港鎮,診所,休息中/未營業,中山路259號已打烊,04 775 5188,2026-09-28 04:27
蔡順昌耳鼻喉科診所,彰化縣鹿港鎮,診所,休息中/未營業,復興路123號已打烊,04 776 1280,2026-09-28 04:27
佳生小兒科診所,彰化縣鹿港鎮,診所,休息中/未營業,民權路137號已打烊,04 777 6789,2026-09-28 04:27
施柏安診所,彰化縣鹿港鎮,診所,休息中/未營業,復興路563號已打烊,04 778 8246,2026-09-28 04:27
吳肇基診所,彰化縣鹿港鎮,診所,休息中/未營業,民族路114號已打烊,04 778 7968,2026-09-28 04:27
聰昇耳鼻喉科診所,彰化縣鹿港鎮,診所,休息中/未營業,民權路293號已打烊,04 778 7675,2026-09-28 04:27
張容毓親子診所,彰化縣鹿港鎮,診所,休息中/未營業,中正路441號已打烊,04 777 9909,2026-09-28 04:27
鹿安耳鼻喉科診所,彰化縣鹿港鎮,診所,休息中/未營業,中山路250號已打烊,04 777 1172,2026-09-28 04:27
謝政洪小兒科診所,彰化縣鹿港鎮,診所,休息中/未營業,復興路89號已打烊,04 774 3388,2026-09-28 04:27
祐安小兒科診所,彰化縣鹿港鎮,診所,休息中/未營業,三民路125號已打烊,04 775 5602,2026-09-28 04:27
康嘉診所,彰化縣鹿港鎮,診所,休息中/未營業,中山路277號已打烊,04 775 5511,2026-09-28 04:27
潘明勳耳鼻喉科診所,彰化縣鹿港鎮,診所,休息中/未營業,復興路333號已打烊,04 778 0567,2026-09-28 04:27
宏文小兒科診所,彰化縣鹿港鎮,診所,休息中/未營業,中山路3之1號已打烊,04 777 9489,2026-09-28 04:27
彰化縣鹿港鎮衛生所,彰化縣鹿港鎮,診所,休息中/未營業,復興路425號已打烊,04 777 2309,2026-09-28 04:27
温建文診所,彰化縣鹿港鎮,診所,休息中/未營業,民權路155號已打烊,04 778 4018,2026-09-28 04:27
鹿港基督醫院門診醫療大樓,彰化縣鹿港鎮,診所,營業中,安福街45號營業中,04 777 9595,2026-09-28 04:27
銘新診所,彰化縣鹿港鎮,診所,未知,頂草路四段353號04 771 3565,,2026-09-28 04:27
康合復建科診所,彰化縣鹿港鎮,骨科,休息中/未營業,復興路215號已打烊,04 774 7198,2026-09-28 04:27
一祥 酸痛傷嗽,彰化縣鹿港鎮,骨科,休息中/未營業,龍山街91號已打烊,04 777 6386,2026-09-28 04:27
華佗物理治療所,彰化縣鹿港鎮,骨科,休息中/未營業,復興路179號已打烊,04 777 9069,2026-09-28 04:27
育德堂,彰化縣鹿港鎮,骨科,休息中/未營業,力行街22-7號已打烊,04 778 1016,2026-09-28 04:27
鹿港基督教醫院路加醫療大樓,彰化縣鹿港鎮,骨科,營業中,永安二路37號營業中,04 777 9595,2026-09-28 04:27
秉洋徒手站-鹿港美式整骨 鹿港美式整復 鹿港美式推拿 彰化美式整脊 彰化坐骨神經痛 彰化五十肩 物理治療師,彰化縣鹿港鎮,骨科,營業中,鹿東路214號營業中,04 777 0896,2026-09-28 04:27
林翰宏骨科診所,彰化縣鹿港鎮,骨科,休息中/未營業,彰美路五段78號已打烊,04 757 7158,2026-09-28 04:27
林侯婦產科診所,彰化縣鹿港鎮,婦產科,營業中,復興路141號營業中,04 777 3563,2026-09-28 04:27
劉助產所,彰化縣鹿港鎮,婦產科,未知,萬壽路189號04 777 4151,,2026-09-28 04:27
廖學俊婦產科診所,彰化縣鹿港鎮,婦產科,未知,中正路406之5號暫時關閉,04 778 7686,2026-09-28 04:27
惠媚莉美容彩妝美學館,彰化縣鹿港鎮,醫學美容,營業中,鹿東路64巷16號營業中,,2026-09-28 04:27
采風醫美-漢基美容中心,彰化縣鹿港鎮,醫學美容,營業中,中山路一段366號B1營業中,,2026-09-28 04:27
伊妮雅SPA會館(越式洗髮)「鹿港中正店」,彰化縣鹿港鎮,美容,營業中,中正路242之7號之1營業中,,2026-09-28 04:27
享受美容美體工作室,彰化縣鹿港鎮,美容,未知,崙尾巷99號,,2026-09-28 04:27
"{ Kem Beauty } { 彰化 / 鹿港 / 和美 } { 越式 美甲 | 紋綉 | 霧眉 | 紋唇 } {Tiệm làm móng , nail box , phun xăm}",彰化縣鹿港鎮,美容,營業中,中山路133號營業中,,2026-09-28 04:27
芝苓美妍美睫，附設停車場,彰化縣鹿港鎮,美容,營業中,永春街45號營業中,,2026-09-28 04:27
婕美Spa生活館,彰化縣鹿港鎮,美容,營業中,鹿東路57號營業中,,2026-09-28 04:27
鹿港維納斯spa女子美容美體,彰化縣鹿港鎮,美容,營業中,文化街125號營業中,,2026-09-28 04:27
舒菲雅美學spa,彰化縣鹿港鎮,美容,營業中,光明街62號營業中,,2026-09-28 04:27
姍House 美容美體SPA,彰化縣鹿港鎮,美容,營業中,東興路33號營業中,,2026-09-28 04:27
EDEN SKINCARE (伊登皮膚管理）,彰化縣鹿港鎮,皮膚管理,未知,彰草路二段656號0939 629 938,,2026-09-28 04:27
夏沐妍皮膚管理中心（彰化彰化店）,彰化縣鹿港鎮,皮膚管理,休息中/未營業,雲長路89號1樓已打烊,04 711 3506,2026-09-28 04:27
彰化鹿港館,彰化縣鹿港鎮,皮膚管理,營業中,"復興路71號, 2營業中",0982 737 065,2026-09-28 04:27
奇士美(屈臣氏鹿港店),彰化縣鹿港鎮,皮膚管理,營業中,民族路99號營業中,04 778 2896,2026-09-28 04:27
Face time肌膚管理中心｜彰化做臉｜彰化清粉刺｜美容教學,彰化縣鹿港鎮,皮膚管理,休息中/未營業,金馬路三段69號已打烊,04 701 0969,2026-09-28 04:27
HT皮膚管理美學,彰化縣鹿港鎮,皮膚管理,營業中,秀中街87-6號2F營業中,0982 153 128,2026-09-28 04:27
JOYA肌膚管理中心（和美）,彰化縣鹿港鎮,皮膚管理,休息中/未營業,仁安路168號1樓已打烊,0935 110 727,2026-09-28 04:27
INJULY studio 彰化除毛｜皮膚管理｜耳燭SPA｜睫毛管理,彰化縣鹿港鎮,皮膚管理,未知,埔陽街58號0985 324 762,,2026-09-28 04:27
RXK肌理修護｜專業皮膚紋路管理,彰化縣鹿港鎮,皮膚管理,營業中,德南路239號營業中,0983 321 586,2026-09-28 04:27
Annie美妍SPA-彰化臉部撥筋|臉部保養|美容護膚|皮膚管理|護膚美白|藻針換膚|臉部刮痧|男女生做臉,彰化縣鹿港鎮,皮膚管理,營業中,長發街9號之1號營業中,0956 703 783,2026-09-28 04:27
柒暮美學｜Qimu Aesthetic ｜彰化按摩｜彰化皮膚管理,彰化縣鹿港鎮,皮膚管理,營業中,大埔路313號1樓營業中,,2026-09-28 04:27
M.studio美肌專科 和美店,彰化縣和美鎮,醫美,未知,柑竹路427號0988 866 501,,2026-09-28 04:27
美顏美學館 /彰化和美問題肌膚專業美容/美體spa/清粉刺/痘痘/肉芽/垂疣/日式除毛/霧眉紋綉/科技美容教學,彰化縣和美鎮,醫美,營業中,道周路309號營業中,04 703 0968,2026-09-28 04:27
朵亮洗臉吧/彰化和美洗臉吧/彰化和美輕美容,彰化縣和美鎮,醫美,營業中,道周路309號2樓營業中,0958 385 328,2026-09-28 04:27
喬曼美學 ｜肌膚管理｜韓式無痛清粉刺｜撥筋舒壓｜和美美容,彰化縣和美鎮,醫美,營業中,愛和路192號營業中,0988 685 091,2026-09-28 04:27
by.nayu.lab 語光美學,彰化縣和美鎮,醫美,營業中,彰美路325號營業中,,2026-09-28 04:27
和興聯合診所,彰化縣和美鎮,醫美,休息中/未營業,德美路289號已打烊,04 756 4567,2026-09-28 04:27
花沛肌膚美學館,彰化縣和美鎮,醫美,營業中,糖友二街41巷32號營業中,0986 386 500,2026-09-28 04:27
芊卉 Spa,彰化縣和美鎮,醫美,營業中,東發路181號營業中,0953 680 103,2026-09-28 04:27
杏一醫療用品 （彰化和美店）,彰化縣和美鎮,醫美,營業中,道周路165號營業中,04 755 5011,2026-09-28 04:27
佳妍美學SPA中心,彰化縣和美鎮,醫美,未知,彰美路五段175號2樓04 757 6680,,2026-09-28 04:27
采風醫美-彰基四期,彰化縣和美鎮,醫美,營業中,旭光路235號1樓營業中,04 723 5118,2026-09-28 04:27
林智仁皮膚科診所,彰化縣和美鎮,醫美,休息中/未營業,彰美路五段98號508508已打烊,04 757 3648,2026-09-28 04:27
陳與桔皮膚科診所,彰化縣和美鎮,醫美,休息中/未營業,和線路96號已打烊,04 755 0526,2026-09-28 04:27
璞甸媛 身心靈美學SPA,彰化縣和美鎮,醫美,未知,彰新路二段107巷51弄12-2號,,2026-09-28 04:27
美詩特眼鏡 和美店,彰化縣和美鎮,醫美,營業中,彰美路六段119號營業中,04 754 0119,2026-09-28 04:27
貝絲-和美美甲.手足保養.問題甲.臉部身體放鬆.熱蠟除毛,彰化縣和美鎮,醫美,營業中,德美路276巷19號營業中,0938 804 994,2026-09-28 04:27
蔓寧美容女子spa館,彰化縣和美鎮,醫美,營業中,和順路166號1樓營業中,,2026-09-28 04:27
和美身心醫學診所,彰化縣和美鎮,醫美,休息中/未營業,和線路58號已打烊,04 757 7566,2026-09-28 04:27
吳祥發耳鼻喉科診所 專治小兒成人感冒、清除耳垢,彰化縣和美鎮,醫美,休息中/未營業,彰美路五段277號已打烊,04 757 3629,2026-09-28 04:27
彰化好萊塢診所,彰化縣和美鎮,醫美,營業中,東民街33號營業中,04 728 2071,2026-09-28 04:27
德美視覺眼鏡,彰化縣和美鎮,醫美,營業中,彰美路六段70號營業中,04 755 1966,2026-09-28 04:27
敏痘肌專家 GNS salon｜和美分店｜ Momo skin care｜美容創業教學｜做臉推薦｜清粉刺/肉芽/脂肪球/斑點/凹洞痘疤/紅敏肌/特殊肌膚處理,彰化縣和美鎮,醫美,未知,和健路129號0975 789 960,,2026-09-28 04:27
近代醫療器材股份有限公司,彰化縣和美鎮,醫美,未知,德美路629號04 756 2156,,2026-09-28 04:27
娸 · 美學 Qi beauty studio,彰化縣和美鎮,美學,營業中,仁安路104號營業中,,2026-09-28 04:27
Qilia琪莉雅美學美學 ｜肌膚管理｜無痛清粉刺｜按摩舒壓｜和美美容,彰化縣和美鎮,美學,營業中,道周路178巷13號營業中,,2026-09-28 04:27
斯朵利美甲美學概念館(彰化和美館),彰化縣和美鎮,美學,營業中,彰美路五段292號營業中,,2026-09-28 04:27
Huezee美甲美學｜彰化美甲｜和美美甲｜線西美甲｜伸港美甲,彰化縣和美鎮,美學,營業中,和線路160號營業中,,2026-09-28 04:27
極光護甲所（指甲養護與綜合美學）,彰化縣和美鎮,美學,營業中,忠孝路327巷2號營業中,,2026-09-28 04:27
Alice艾麗絲極致美學｜手工妝感霧眉｜臉部肌膚管理｜小氣泡｜美睫,彰化縣和美鎮,美學,營業中,和泰路62號2樓營業中,,2026-09-28 04:27
南希美學｜Nancy eyelash｜彰化和美造型美睫,彰化縣和美鎮,美學,未知,彰新路四段541巷131號,,2026-09-28 04:27
13Beauty【全預約制】彰化和美｜夜間服務｜霧眉｜飄眉｜飄霧眉｜男士紋繡｜翹睫術｜隱形眼線｜熱蠟除毛｜耳燭｜暖宮SPA｜體態雕塑｜皮膚管理｜全台到府,彰化縣和美鎮,美學,未知,忠信路79號24 小時營業,,2026-09-28 04:27
瑀璿光之美-美學,彰化縣和美鎮,美學,營業中,和東里仁安路282號營業中,,2026-09-28 04:27
瑄沐美甲美學,彰化縣和美鎮,美學,營業中,德美路21號營業中,,2026-09-28 04:27
妍悅采耳美學(掏耳/肌膚保養/草本溫感舒壓）,彰化縣和美鎮,美學,營業中,愛渾路50號營業中,,2026-09-28 04:27
婕爾舒壓spa美學,彰化縣和美鎮,美學,未知,仁昌路5號,,2026-09-28 04:27
Q eyes 靜美學,彰化縣和美鎮,美學,營業中,愛民路5號1樓營業中,,2026-09-28 04:27
荷蕾療癒美學（預約制）,彰化縣和美鎮,美學,營業中,線東路三段140巷17號營業中,,2026-09-28 04:27
桃樂絲美學工作室,彰化縣和美鎮,美學,營業中,愛民路117號508營業中,,2026-09-28 04:27
芯玲 美學工作室,彰化縣和美鎮,美學,未知,永樂路78號,,2026-09-28 04:27
童顏秘境/彰化和美霧眉/美容護膚/芳療舒壓/修眉,彰化縣和美鎮,美學,營業中,仁化路125巷1號營業中,,2026-09-28 04:27
安娜絲美學工作室（預約制）,彰化縣和美鎮,美學,未知,美寮路二段564號,,2026-09-28 04:27
Akimi美學Spa,彰化縣和美鎮,美學,未知,仁澤路140號,,2026-09-28 04:27
嬌玉冠美容spa生活會館,彰化縣和美鎮,肌膚管理,休息中/未營業,和光路139號已打烊,,2026-09-28 04:27
YU.NI_scstudio皮膚管理,彰化縣和美鎮,肌膚管理,營業中,彰美路六段225巷29號營業中,,2026-09-28 04:27
顏控SKINCARE｜美甲·美睫·韓式肌膚管理·臉部撥筋,彰化縣和美鎮,肌膚管理,營業中,德美路596號營業中,,2026-09-28 04:27
詩威特國際美容－彰化和美店,彰化縣和美鎮,肌膚管理,營業中,仁美路176號營業中,,2026-09-28 04:27
旦之美 英莎美容,彰化縣和美鎮,肌膚管理,營業中,東光路220巷51號營業中,,2026-09-28 04:27
佐登妮絲SPA會館_和美道周店,彰化縣和美鎮,肌膚管理,營業中,道周路523號營業中,,2026-09-28 04:27
童顏美妍生活舘,彰化縣和美鎮,肌膚管理,休息中/未營業,仁親路38號已打烊,,2026-09-28 04:27
永媚科技美容,彰化縣和美鎮,肌膚管理,營業中,仁美路160號營業中,,2026-09-28 04:27
U.ME韓國皮膚管理,彰化縣和美鎮,肌膚管理,營業中,長興街54之3號營業中,,2026-09-28 04:27
WoWsh! 肌膚研究所 彰化店 │ 臉部專科 │ 智能分析 │ 草本修護,彰化縣和美鎮,肌膚管理,營業中,彰美路一段71號營業中,,2026-09-28 04:27
斯朵利美妍SPA(彰化和美店),彰化縣和美鎮,肌膚管理,營業中,彰美路五段292號2樓營業中,,2026-09-28 04:27
Haven Beauty韓式皮膚管理,彰化縣和美鎮,肌膚管理,營業中,平安街66巷48號營業中,,2026-09-28 04:27
衡和康診所,彰化縣和美鎮,整形外科,休息中/未營業,鹿和路六段320號已打烊,04 756 9885,2026-09-28 04:27
白煌銘診所,彰化縣和美鎮,整形外科,休息中/未營業,彰美路六段116號已打烊,04 755 4250,2026-09-28 04:27
白外科診所,彰化縣和美鎮,整形外科,休息中/未營業,彰美路六段116號已打烊,04 755 4250,2026-09-28 04:27
仁安家醫科診所,彰化縣和美鎮,診所,休息中/未營業,和東里仁安路148號已打烊,04 755 6286,2026-09-28 04:27
家禮診所,彰化縣和美鎮,診所,休息中/未營業,仁美路186號已打烊,04 755 1829,2026-09-28 04:27
曾榮昌診所,彰化縣和美鎮,診所,休息中/未營業,彰美路六段26號已打烊,04 755 9151,2026-09-28 04:27
生達耳鼻喉科診所,彰化縣和美鎮,診所,休息中/未營業,和平街20號已打烊,04 757 5221,2026-09-28 04:27
順平診所,彰化縣和美鎮,診所,休息中/未營業,彰美路五段276號已打烊,04 755 5407,2026-09-28 04:27
文棟耳鼻喉科診所,彰化縣和美鎮,診所,休息中/未營業,彰美路五段295號已打烊,04 755 2266,2026-09-28 04:27
曾維功診所,彰化縣和美鎮,診所,休息中/未營業,彰美路六段12號已打烊,04 757 0516,2026-09-28 04:27
城堡耳鼻喉科診所,彰化縣和美鎮,診所,休息中/未營業,仁安路200號已打烊,04 756 6550,2026-09-28 04:27
順天診所,彰化縣和美鎮,診所,未知,彰美路六段198號04 755 2126,,2026-09-28 04:27
李金原診所,彰化縣和美鎮,診所,休息中/未營業,彰美路六段99號已打烊,04 757 2226,2026-09-28 04:27
醫世紀小兒科診所,彰化縣和美鎮,診所,休息中/未營業,彰美路五段315號已打烊,04 757 5859,2026-09-28 04:27
民和診所,彰化縣和美鎮,診所,休息中/未營業,仁安路206號已打烊,04 755 2995,2026-09-28 04:27
佳佑小兒科診所,彰化縣和美鎮,診所,休息中/未營業,彰美路五段181號已打烊,04 757 6678,2026-09-28 04:27
謝立偉診所,彰化縣和美鎮,診所,休息中/未營業,道周路720號已打烊,04 756 8909,2026-09-28 04:27
蔡嘉宏耳鼻喉科診所,彰化縣和美鎮,診所,休息中/未營業,仁安路167號已打烊,04 755 8526,2026-09-28 04:27
簡瑜宏診所,彰化縣和美鎮,診所,休息中/未營業,道周路439號已打烊,04 755 3799,2026-09-28 04:27
和禎診所（一般內科、感冒、胃腸專科）,彰化縣和美鎮,診所,休息中/未營業,和安街17號已打烊,04 755 6600,2026-09-28 04:27
蕭國隆小兒科診所,彰化縣和美鎮,診所,休息中/未營業,彰美路五段255號已打烊,04 755 3021,2026-09-28 04:27
庚新診所,彰化縣和美鎮,診所,休息中/未營業,糖友一街90號已打烊,04 736 7095,2026-09-28 04:27
建霖內科診所,彰化縣和美鎮,診所,營業中,彰美路五段256號營業中,04 755 8857,2026-09-28 04:27
汎愛診所,彰化縣和美鎮,診所,未知,仁安路285號04 755 2038,,2026-09-28 04:27
和美衛生所,彰化縣和美鎮,診所,休息中/未營業,彰美路五段319號已打烊,04 706 2455,2026-09-28 04:27
明遠聯合診所,彰化縣和美鎮,診所,未知,和線路85號,,2026-09-28 04:27
吳祥富內科復健科診所,彰化縣和美鎮,診所,休息中/未營業,彰美路五段217號已打烊,04 756 3430,2026-09-28 04:27
鴻德診所,彰化縣和美鎮,診所,未知,德美路316號,,2026-09-28 04:27
和生婦產科診所,彰化縣和美鎮,診所,休息中/未營業,彰美路六段143號已打烊,04 756 7178,2026-09-28 04:27
道周醫院,彰化縣和美鎮,泌尿科,休息中/未營業,和光路180號已打烊,04 756 6995,2026-09-28 04:27
十仁診所,彰化縣和美鎮,泌尿科,休息中/未營業,辭修路82號已打烊,04 728 1067,2026-09-28 04:27
王光惠婦產科外科診所,彰化縣和美鎮,婦產科,未知,彰美路一段256號2樓04 735 3316,,2026-09-28 04:27
春昇選方健康館,彰化縣和美鎮,醫學美容,營業中,愛民路106號4樓營業中,,2026-09-28 04:27
遇見fie/美容spa/美甲/半永久紋綉,彰化縣和美鎮,醫學美容,營業中,鹿和路六段36號營業中,,2026-09-28 04:27
悠然 beauty spa,彰化縣和美鎮,美容,營業中,平等路57-1號營業中,,2026-09-28 04:27
Wow Beauty｜和美美睫｜和美霧眉｜彩妝造型｜彰化和美,彰化縣和美鎮,美容,營業中,倡和街9號營業中,,2026-09-28 04:27
小真美容,彰化縣和美鎮,美容,未知,彰美路三段253號24 小時營業,,2026-09-28 04:27
和美 歐里亞那,彰化縣和美鎮,美容,營業中,彰美路五段261號營業中,,2026-09-28 04:27
斯朵利髮型彰化和美店,彰化縣和美鎮,美容,營業中,彰美路五段290號營業中,,2026-09-28 04:27
77.beauty | 彰化和美熱蠟美肌除毛,彰化縣和美鎮,美容,未知,忠全路,,2026-09-28 04:27
蝦皮店到店 和美竹美門市,彰化縣和美鎮,皮膚管理,未知,彰美路三段436號,,2026-09-28 04:27
舒登．韓國皮膚管理｜熱蠟美肌｜SPA按摩,彰化縣和美鎮,皮膚管理,營業中,平安街27巷1號營業中,,2026-09-28 04:27
歐美皮膚科診所,彰化縣溪湖鎮,醫美,休息中/未營業,二溪路一段157號已打烊,,2026-09-28 04:27
顏煦美學,彰化縣溪湖鎮,醫美,未知,福德路323號,,2026-09-28 04:27
蔡明海診所,彰化縣溪湖鎮,醫美,休息中/未營業,二溪路一段287號已打烊,,2026-09-28 04:27
禾若妍肌膚工作室 肌膚調理 /專業護膚/香薰耳療保養,彰化縣溪湖鎮,醫美,休息中/未營業,大發路199號已打烊,,2026-09-28 04:27
婇緁時尚美學-溪湖店｜熱蠟除毛｜美睫｜皮膚管理｜清粉刺,彰化縣溪湖鎮,醫美,營業中,東環路445號營業中,,2026-09-28 04:27
溪湖做臉｜姿妃閣美妍｜問題肌膚專家｜育膚堂夥伴店,彰化縣溪湖鎮,醫美,休息中/未營業,興學街52號已打烊,,2026-09-28 04:27
曙光越式洗髮-沈浸式美學（溪湖店）男女士熱蠟私密處除毛推薦,彰化縣溪湖鎮,醫美,營業中,二溪路一段226號2樓營業中,,2026-09-28 04:27
Feisheny翡妳不可美學館 無痛清粉刺/男生保養/婚前保養/孕婦作臉/痘疤/敏感/美白/做臉/護膚/美容/溪湖/彰化-溪湖專業清粉刺|敏感肌處理|青春痘處理|男女生做臉|護膚美容|推薦肌膚管理,彰化縣溪湖鎮,醫美,休息中/未營業,二溪路一段159號1樓已打烊,,2026-09-28 04:27
"台大彰基巫世雄診所 外科 家醫科 雙專科診所 (增設 疼痛門診 甲溝炎特診)""凡有 受傷 身心病痛的 來這裡 能得到治癒或緩解""",彰化縣溪湖鎮,醫美,休息中/未營業,彰水路三段212號已打烊,,2026-09-28 04:27
晨映美學 彰化做臉 粉刺 痘痘 敏弱 斑點 護白 保濕 皮膚問題,彰化縣溪湖鎮,醫美,未知,彰水路三段483號,,2026-09-28 04:27
佐登微爾健康管理醫美診所 員林館,彰化縣溪湖鎮,醫美,營業中,員林大道五段2號3樓-1營業中,,2026-09-28 04:27
唐信結皮膚科診所,彰化縣溪湖鎮,醫美,未知,二溪路一段157號,,2026-09-28 04:27
RUU美學（溪湖.沙鹿）嫁接睫毛/熱蠟除毛/美容護膚,彰化縣溪湖鎮,美學,營業中,東環路361號雅頓二店2樓營業中,,2026-09-28 04:27
澄妍美學｜韓國皮膚管理,彰化縣溪湖鎮,美學,營業中,大溪路二段429號營業中,,2026-09-28 04:27
梵羽美學,彰化縣溪湖鎮,美學,營業中,福安路178號營業中,,2026-09-28 04:27
綺綺手作美學,彰化縣溪湖鎮,美學,未知,二溪路一段543號,,2026-09-28 04:27
玖柒美學·彰化溪湖｜韓式美容｜無痛粉刺｜黃金凍齡｜水光肌｜藻針｜臉部撥筋｜耳燭,彰化縣溪湖鎮,美學,營業中,培英路2號2樓營業中,,2026-09-28 04:27
有璦美學｜彰化溪湖美甲熱蠟美肌｜沐萱髮藝二樓,彰化縣溪湖鎮,美學,營業中,二溪路一段580號2樓營業中,,2026-09-28 04:27
芊美甲美學 Qian Nail Art,彰化縣溪湖鎮,美學,營業中,大溪路二段169號營業中,,2026-09-28 04:27
高釩美學,彰化縣溪湖鎮,美學,營業中,大道街45號1樓營業中,,2026-09-28 04:27
亮妍藝術美學,彰化縣溪湖鎮,美學,營業中,華中街40號1樓營業中,,2026-09-28 04:27
No.29_居家美學工作室｜精油刮痧｜熱蠟除毛｜睫毛嫁接｜睫毛管理｜耳腹燭spa精油｜美甲,彰化縣溪湖鎮,美學,營業中,德和街28號營業中,,2026-09-28 04:27
草莓兒美學/美睫/熱蠟美肌/孕婦除毛/柔霧眉,彰化縣溪湖鎮,美學,營業中,東環路112號營業中,,2026-09-28 04:27
花梨木 嬡溫美學（身體舒壓｜面部循環）,彰化縣溪湖鎮,美學,營業中,大溪路二段429號營業中,,2026-09-28 04:27
樂美學美甲工作室The Beauty Nail studio,彰化縣溪湖鎮,美學,營業中,大溪七街37號營業中,,2026-09-28 04:27
QIAN · 美學除毛,彰化縣溪湖鎮,美學,休息中/未營業,大公十六街45號2F已打烊,,2026-09-28 04:27
欣薇亞概念美學,彰化縣溪湖鎮,美學,休息中/未營業,消防街26號已打烊,,2026-09-28 04:27
心綺健康美學,彰化縣溪湖鎮,美學,營業中,保安街9號營業中,,2026-09-28 04:27
苡芮美容美學,彰化縣溪湖鎮,美學,營業中,大公十街30號營業中,,2026-09-28 04:27
海瑟美學,彰化縣溪湖鎮,美學,未知,大突巷95弄102號,,2026-09-28 04:27
彤瞳美學｜美睫｜美甲｜溪湖美學,彰化縣溪湖鎮,美學,休息中/未營業,大溪路二段429號已打烊,,2026-09-28 04:27
素皙SPA美學,彰化縣溪湖鎮,美學,未知,西環路136號,,2026-09-28 04:27
I.N.salon美學｜日夜間洗髮首選｜頭皮養護舒壓｜肩頸按摩護理｜頭皮養護專門店｜專業手工無痕接髮｜溪湖美髮推薦｜美甲設計｜熱蠟美肌｜夜間美髮21:00後時段需至官方賴預約,彰化縣溪湖鎮,美學,營業中,平和街197號營業中,,2026-09-28 04:27
HR studio （HR美學）,彰化縣溪湖鎮,美學,營業中,大公路383號營業中,,2026-09-28 04:27
艾你舒壓美學,彰化縣溪湖鎮,美學,營業中,大發路86號1樓營業中,,2026-09-28 04:27
TSAI.JIE韓式肌膚管理｜溪湖清粉刺|小氣泡水飛梭｜熱蠟美肌｜教學考照,彰化縣溪湖鎮,肌膚管理,營業中,東環路445號1樓-1室營業中,,2026-09-28 04:27
HANDORU皮膚管理,彰化縣溪湖鎮,肌膚管理,營業中,大公十街30號營業中,,2026-09-28 04:27
TSAI.JIE皮膚管理｜婇緁美容部｜無痛清粉刺,彰化縣溪湖鎮,肌膚管理,營業中,東興路268號營業中,,2026-09-28 04:27
東森自然美_溪湖西環店,彰化縣溪湖鎮,肌膚管理,營業中,彰化縣溪湖鎮西環路610號營業中,,2026-09-28 04:27
詩威特國際美容-彰化溪湖店,彰化縣溪湖鎮,肌膚管理,營業中,彰水路三段345號營業中,,2026-09-28 04:27
彭村梅spa美容養生館 溪湖店（純女子）,彰化縣溪湖鎮,肌膚管理,營業中,彰水路三段384號營業中,,2026-09-28 04:27
朵榭 SPA美容館（陳淑華）,彰化縣溪湖鎮,肌膚管理,營業中,平和街295號514營業中,,2026-09-28 04:27
傾悅肌膚管理中心,彰化縣溪湖鎮,肌膚管理,營業中,介壽北路162號營業中,,2026-09-28 04:27
露琺意Luvaii-彰化彰新店,彰化縣溪湖鎮,肌膚管理,營業中,彰新路一段111號營業中,,2026-09-28 04:27
CH Parfum肌膚管理/彰化做臉/彰化保養/彰化護膚/彰化清痘痘,彰化縣溪湖鎮,肌膚管理,營業中,延平路436號營業中,,2026-09-28 04:27
顧明國診所,彰化縣溪湖鎮,整形外科,休息中/未營業,員鹿路三段169號已打烊,04 881 6171,2026-09-28 04:27
楊同榮診所,彰化縣溪湖鎮,整形外科,休息中/未營業,西環路27號已打烊,04 885 0575,2026-09-28 04:27
吳順裕聯合診所,彰化縣溪湖鎮,整形外科,休息中/未營業,太平街56號已打烊,04 885 2302,2026-09-28 04:27
紹安診所,彰化縣溪湖鎮,整形外科,休息中/未營業,彰水路四段57號4樓已打烊,04 885 2056,2026-09-28 04:27
林光維診所,彰化縣溪湖鎮,整形外科,休息中/未營業,彰水路三段202號已打烊,04 881 7993,2026-09-28 04:27
鴻輝診所,彰化縣溪湖鎮,整形外科,未知,彰水路三段148號,,2026-09-28 04:27
吳外婦產科診所,彰化縣溪湖鎮,整形外科,休息中/未營業,彰水路二段847號已打烊,04 885 6580,2026-09-28 04:27
信安診所,彰化縣溪湖鎮,整形外科,未知,西環路201號04 882 5166,,2026-09-28 04:27
楊雅三診所（沒有眼科）,彰化縣溪湖鎮,整形外科,休息中/未營業,彰水路三段194號已打烊,04 885 2106,2026-09-28 04:27
南恩內科診所,彰化縣溪湖鎮,整形外科,休息中/未營業,大溪路二段346號已打烊,04 882 7009,2026-09-28 04:27
鍾尚霖婦產科診所,彰化縣溪湖鎮,整形外科,休息中/未營業,福德路21號已打烊,04 861 2565,2026-09-28 04:27
世安診所 - 台大醫師、溪湖家醫科、小兒科、慢性病、過敏、健檢、疫苗,彰化縣溪湖鎮,診所,休息中/未營業,太平街24號已打烊,04 861 2123,2026-09-28 04:27
啄木鳥小兒科家庭醫學科診所,彰化縣溪湖鎮,診所,休息中/未營業,彰水路三段365號已打烊,04 882 5511,2026-09-28 04:27
徐泰椿診所,彰化縣溪湖鎮,診所,休息中/未營業,二溪路一段178號已打烊,04 882 3000,2026-09-28 04:27
簡志彰小兒科診所,彰化縣溪湖鎮,診所,休息中/未營業,育才街67號已打烊,04 885 6472,2026-09-28 04:27
張耳鼻喉科診所,彰化縣溪湖鎮,診所,休息中/未營業,彰水路三段379號已打烊,04 885 5209,2026-09-28 04:27
彰化溪湖--旭安診所（血液透析）,彰化縣溪湖鎮,診所,營業中,文東街9號營業中,04 885 7665,2026-09-28 04:27
王鏜焜小兒科診所,彰化縣溪湖鎮,診所,休息中/未營業,西環路246號已打烊,04 882 5835,2026-09-28 04:27
許立德小兒科診所,彰化縣溪湖鎮,診所,休息中/未營業,培英路42號已打烊,04 885 6518,2026-09-28 04:27
彰化縣溪湖鎮衛生所,彰化縣溪湖鎮,診所,休息中/未營業,青雅路36號已打烊,04 881 5112,2026-09-28 04:27
安泓診所,彰化縣溪湖鎮,診所,休息中/未營業,彰水路三段492號已打烊,04 882 8119,2026-09-28 04:27
台大童寶照診所,彰化縣溪湖鎮,診所,休息中/未營業,文三街27號已打烊,04 861 1888,2026-09-28 04:27
陳偉仁診所,彰化縣溪湖鎮,診所,休息中/未營業,員鹿路三段69號已打烊,04 882 0399,2026-09-28 04:27
俊安內科診所,彰化縣溪湖鎮,診所,未知,彰水路三段170號,,2026-09-28 04:27
杏林中医诊所,彰化縣溪湖鎮,診所,未知,彰化縣溪湖鎮,,2026-09-28 04:27
道安醫院,彰化縣溪湖鎮,診所,未知,彰水路三段362號24 小時營業,04 885 6309,2026-09-28 04:27
楊內兒科診所,彰化縣溪湖鎮,診所,未知,二溪路一段8號,,2026-09-28 04:27
世全診所,彰化縣溪湖鎮,診所,未知,太平街21號,,2026-09-28 04:27
彰化溪湖專業洗腎/腎臟科 佳安內科診所,彰化縣溪湖鎮,泌尿科,營業中,員鹿路三段176號營業中,04 882 1305,2026-09-28 04:27
林忠毅婦產科診所,彰化縣溪湖鎮,婦產科,休息中/未營業,二溪路一段233號已打烊,04 882 9666,2026-09-28 04:27
柯助伊婦產科診所,彰化縣溪湖鎮,婦產科,休息中/未營業,彰水路四段159號已打烊,04 881 8118,2026-09-28 04:27
Phòng khám phụ sản,彰化縣溪湖鎮,婦產科,未知,"No. 233, 二溪路一段",,2026-09-28 04:27
榛倪美容美體工作室,彰化縣溪湖鎮,醫學美容,營業中,忠溪路349號營業中,,2026-09-28 04:27
台鹽生技-溪湖店(台塩),彰化縣溪湖鎮,醫學美容,營業中,員鹿路三段143號營業中,,2026-09-28 04:27
愷悅物理治療所,彰化縣溪湖鎮,醫學美容,營業中,地政路146號營業中,,2026-09-28 04:27
沐沐spa溪湖店 /精油按摩/臉部保養/低痛感粉刺清潔/孕婦按摩,彰化縣溪湖鎮,美容,營業中,興學街36號營業中,,2026-09-28 04:27
沐晞SPA,彰化縣溪湖鎮,美容,未知,大發路199號2F,,2026-09-28 04:27
Shani越式洗髮SPA,彰化縣溪湖鎮,美容,營業中,西環路149號營業中,,2026-09-28 04:27
佐登妮絲專業SPA_溪湖坊蓉店,彰化縣溪湖鎮,美容,營業中,德華街15號營業中,,2026-09-28 04:27
宥盈美髮、按摩店,彰化縣溪湖鎮,美容,營業中,平和街290號營業中,,2026-09-28 04:27
Xin欣美顏韓式美容spa,彰化縣溪湖鎮,美容,未知,彰水路三段389號,,2026-09-28 04:27
ZINI SPA 姿妳美容溪湖館,彰化縣溪湖鎮,美容,營業中,福德路66號營業中,,2026-09-28 04:27
舒妃美甲美容教學,彰化縣溪湖鎮,美容,營業中,一心街193號營業中,,2026-09-28 04:27
欣華彩粧SPA館,彰化縣溪湖鎮,美容,未知,員鹿路三段179號,,2026-09-28 04:27
美型沙龍 新娘秘書-溪湖專業洗髮|男女剪髮|溪湖美髮|染髮推薦|彩妝服務|新娘秘書|挑染推薦|設計師推薦,彰化縣溪湖鎮,美容,營業中,文三街15號營業中,,2026-09-28 04:27
依戀美容美體坊,彰化縣溪湖鎮,美容,未知,彰水路二段861號,,2026-09-28 04:27
水蓮越式洗頭 足體坊,彰化縣溪湖鎮,美容,營業中,員鹿路二段570號營業中,,2026-09-28 04:27
如意挽面護膚美容,彰化縣溪湖鎮,皮膚管理,休息中/未營業,民生街9號已打烊,,2026-09-28 04:27
芮婕韓式皮膚管理,彰化縣溪湖鎮,皮膚管理,營業中,中山路三段57巷1弄2號營業中,,2026-09-28 04:27
茉兒美學 /熱蠟除毛/ 睫毛管理/ 黑眼圈遮瑕、皮膚重建,彰化縣溪湖鎮,皮膚管理,未知,二溪路大突巷53-13號,,2026-09-28 04:27
Nuskin如新工作室,彰化縣溪湖鎮,皮膚管理,營業中,東環路62巷25號營業中,,2026-09-28 04:27
沐語菲肌膚管理,彰化縣溪湖鎮,皮膚管理,營業中,長安路10-3號營業中,,2026-09-28 04:27
花在田美妝館C店,彰化縣溪湖鎮,皮膚管理,營業中,平和街197號營業中,,2026-09-28 04:27
美美拾肌-員林做臉推薦|皮膚管理|美容護膚|粉刺清潔|肉芽肉痣|脂肪球|酒糟I汗管瘤|,彰化縣溪湖鎮,皮膚管理,營業中,南平西街189號5樓之1營業中,,2026-09-28 04:27
悅 skin.美創,彰化縣二林鎮,美學,營業中,新民街123號營業中,,2026-09-28 04:27
庭芸·彰化二林店|皮膚管理|中式美睫|熱蠟淨毛|烏唇處理·教育中心,彰化縣二林鎮,美學,營業中,照西路303號營業中,,2026-09-28 04:27
晶妍美學spa,彰化縣二林鎮,美學,營業中,二溪路一段117號營業中,,2026-09-28 04:27
喬舒美學（熱蠟.排酸.體雕.美睫.霧眉）,彰化縣二林鎮,美學,營業中,尚仁街51號營業中,,2026-09-28 04:27
晚間美學.美甲.霧眉,彰化縣二林鎮,美學,營業中,照西南路198號營業中,,2026-09-28 04:27
姵緹Pretty美學SPA,彰化縣二林鎮,美學,營業中,斗苑路五段402號營業中,,2026-09-28 04:27
月月美學｜睫毛管理｜熱蠟除毛｜臉部撥筋｜舒壓護理,彰化縣二林鎮,美學,未知,新民街47號1樓,,2026-09-28 04:27
婕朵美學,彰化縣二林鎮,美學,未知,建興街81號,,2026-09-28 04:27
翡美學肌膚管理/無痛清粉刺/痘痘/敏感/斑點/凹洞/內皰/黑眼圈 /保養/做臉/彰化/二林,彰化縣二林鎮,美學,休息中/未營業,二溪路一段7號已打烊,,2026-09-28 04:27
柒柒美學,彰化縣二林鎮,美學,未知,後厝里吉昌二街196巷,,2026-09-28 04:27
DE舞眉美學館,彰化縣二林鎮,美學,營業中,中正路346號營業中,,2026-09-28 04:27
喬絲美學｜彰化二林熱蠟除毛·私密處護理,彰化縣二林鎮,美學,營業中,三和街121巷7號1樓營業中,,2026-09-28 04:27
內個內個美學,彰化縣二林鎮,美學,營業中,斗苑路四段639號營業中,,2026-09-28 04:27
荷莎娜美學,彰化縣二林鎮,美學,營業中,二溪路一段121號營業中,,2026-09-28 04:27
菲兒居家美學- 霧眉霧唇/美睫/角蛋白/精油按摩/臉部痘痘護理/微刺青,彰化縣二林鎮,美學,營業中,南安路145巷26號營業中,,2026-09-28 04:27
橘緻紋藝美學,彰化縣二林鎮,美學,營業中,斗苑路四段393號營業中,,2026-09-28 04:27
FF.美學,彰化縣二林鎮,美學,營業中,新里巷5號營業中,,2026-09-28 04:27
愛麗絲時尚美學 - 美髮 / 服飾 / 美甲 / 美睫 / 霧眉 / 新秘 / 整體造型,彰化縣二林鎮,美學,休息中/未營業,南安路152巷23號已打烊,,2026-09-28 04:27
Camilla aesthetics 卡蜜拉美學館/美甲、美睫、熱蠟除毛,彰化縣二林鎮,美學,未知,二溪路一段16號,,2026-09-28 04:27
EARCHEN MAKEUP彩妝造型工作室,彰化縣二林鎮,美學,未知,正思街111號3樓,,2026-09-28 04:27
雙魚美學,彰化縣二林鎮,美學,未知,吉昌二街196巷6號,,2026-09-28 04:27
NOAN諾安美學｜芳苑肌膚管理｜二林肌膚管理,彰化縣二林鎮,美學,營業中,斗苑路三合段102巷59弄1號營業中,,2026-09-28 04:27
有日The Day - 二林店𓏺 二林美甲 𓏺 彰化新秘 𓏺 霧眉 𓏺 彰化美甲 𓏺 網美推薦 𓏺 整體造型 𓏺,彰化縣二林鎮,美學,營業中,南安路76號營業中,,2026-09-28 04:27
20SKIN醫美集團-二林四季皮膚科,彰化縣二林鎮,美學,休息中/未營業,儒林路二段310號已打烊,,2026-09-28 04:27
綺佳美學,彰化縣二林鎮,美學,未知,南安路88號,,2026-09-28 04:27
ZINI SPA姿妳美容二林館,彰化縣二林鎮,美學,營業中,仁愛路399號營業中,,2026-09-28 04:27
LAVEMU薰沐蒔肌-肌膚管理|芳療SPA,彰化縣二林鎮,肌膚管理,營業中,新民街47號營業中,,2026-09-28 04:27
慢顏Bloom顏值管理・韓式肌膚管理・霧眉,彰化縣二林鎮,肌膚管理,未知,新生路150號,,2026-09-28 04:27
雅美Spa,彰化縣二林鎮,肌膚管理,營業中,南安路29號營業中,,2026-09-28 04:27
佐登妮絲專業SPA_彰化二林店,彰化縣二林鎮,肌膚管理,營業中,斗苑路四段553號營業中,,2026-09-28 04:27
豔妃美妍SPA,彰化縣二林鎮,肌膚管理,營業中,三民路121號營業中,,2026-09-28 04:27
彭村梅女子spa美容養生館 二林店,彰化縣二林鎮,肌膚管理,營業中,斗苑路四段659號營業中,,2026-09-28 04:27
妮艾斯皮膚管理中心,彰化縣二林鎮,肌膚管理,營業中,莒光路697-2號營業中,,2026-09-28 04:27
植香芳療-彰化二林店,彰化縣二林鎮,肌膚管理,營業中,三和街121巷12號營業中,,2026-09-28 04:27
Uni Studio 熱蠟美肌.產後修復.無痛泌乳.友善親子空間,彰化縣二林鎮,肌膚管理,營業中,太平路四段45-9號營業中,,2026-09-28 04:27
婕晞肌膚管理,彰化縣二林鎮,肌膚管理,未知,員南路420巷20弄1號,,2026-09-28 04:27
竹元美研肌膚管理中心,彰化縣二林鎮,肌膚管理,營業中,竹西路永興巷157號營業中,,2026-09-28 04:27
Liona skin,彰化縣二林鎮,肌膚管理,未知,中山南路193號,,2026-09-28 04:27
晨熙皮膚管理,彰化縣二林鎮,肌膚管理,營業中,龍富街22號營業中,,2026-09-28 04:27
E.Beauty肌膚管理-員林清粉刺/員林做臉/痘痘/痘疤/斑點/婚前保養/男性友善店家/暗沈/黑眼圈/問題皮膚處理,彰化縣二林鎮,肌膚管理,休息中/未營業,浮圳路二段609號已打烊,,2026-09-28 04:27
鈺淨 美麗殿肌膚管理 Jing Skin Care,彰化縣二林鎮,肌膚管理,營業中,民族路89號營業中,,2026-09-28 04:27
立凱聯合診所,彰化縣二林鎮,整形外科,未知,大成路一段135號,,2026-09-28 04:27
宋志懿醫院,彰化縣二林鎮,整形外科,休息中/未營業,大成路一段51號已打烊,04 896 8707,2026-09-28 04:27
陳其鴻診所,彰化縣二林鎮,整形外科,未知,二溪路一段20號04 895 1166,,2026-09-28 04:27
陳嘉惠診所（惠生醫院）,彰化縣二林鎮,整形外科,休息中/未營業,大成路一段306號已打烊,04 896 0247,2026-09-28 04:27
二林基督教醫院,彰化縣二林鎮,整形外科,未知,大成路一段558號24 小時營業,04 895 2031,2026-09-28 04:27
洪宗鄰醫療社團法人洪宗鄰醫院,彰化縣二林鎮,整形外科,休息中/未營業,中正路61號已打烊,04 896 7955,2026-09-28 04:27
長佑診所,彰化縣二林鎮,整形外科,休息中/未營業,大成路一段254號已打烊,04 895 7339,2026-09-28 04:27
馨惠婦產科診所,彰化縣二林鎮,整形外科,休息中/未營業,斗苑路四段401號已打烊,04 895 8858,2026-09-28 04:27
德賢美醫診所,彰化縣二林鎮,整形外科,休息中/未營業,員林大道五段100號已打烊,04 833 3909,2026-09-28 04:27
博士診所,彰化縣二林鎮,整形外科,營業中,林森路135號營業中,04 834 0657,2026-09-28 04:27
嵐美學診所,彰化縣二林鎮,整形外科,營業中,員林大道四段203號營業中,04 831 5692,2026-09-28 04:27
杏言外科診所,彰化縣二林鎮,整形外科,休息中/未營業,復興路20號已打烊,04 887 3588,2026-09-28 04:27
脊椎微創內視鏡的專家。方鵬翔醫師,彰化縣二林鎮,整形外科,營業中,員林大道六段51號營業中,0978 558 820,2026-09-28 04:27
陳正興外科診所,彰化縣二林鎮,整形外科,休息中/未營業,三民東街281號已打烊,04 839 9963,2026-09-28 04:27
陳立凱小兒科診所,彰化縣二林鎮,診所,休息中/未營業,大成路一段135號已打烊,04 895 6130,2026-09-28 04:27
二林綜祐診所,彰化縣二林鎮,診所,休息中/未營業,中正路6號已打烊,04 895 2991,2026-09-28 04:27
三和診所,彰化縣二林鎮,診所,休息中/未營業,二溪路六段548號已打烊,04 868 5775,2026-09-28 04:27
明穎耳鼻喉科診所,彰化縣二林鎮,診所,休息中/未營業,仁愛路676號已打烊,04 896 9662,2026-09-28 04:27
育安聯合診所,彰化縣二林鎮,診所,休息中/未營業,斗苑路四段702號已打烊,04 895 3358,2026-09-28 04:27
龍德診所,彰化縣二林鎮,診所,休息中/未營業,斗苑路四段597號已打烊,04 895 6808,2026-09-28 04:27
瑞林診所,彰化縣二林鎮,診所,未知,大成路一段302號04 895 4406,,2026-09-28 04:27
台安診所,彰化縣二林鎮,診所,休息中/未營業,斗苑路五段215號已打烊,04 896 1138,2026-09-28 04:27
華侖診所,彰化縣二林鎮,診所,未知,二溪路七段410號,,2026-09-28 04:27
順安內兒科診所,彰化縣二林鎮,診所,未知,儒林路二段288號04 896 0267,,2026-09-28 04:27
彰化縣二林鎮衛生所,彰化縣二林鎮,診所,營業中,大成路一段115號營業中,04 896 0035,2026-09-28 04:27
綜祐診所,彰化縣二林鎮,診所,休息中/未營業,彰水路三段494號已打烊,04 891 1911,2026-09-28 04:27
衛生福利部彰化醫院,彰化縣二林鎮,泌尿科,未知,中正路二段80號24 小時營業,04 829 8686,2026-09-28 04:27
詹長機診所,彰化縣二林鎮,泌尿科,休息中/未營業,中正路150號已打烊,04 888 0998,2026-09-28 04:27
哲佳診所 糖尿病健康促進機構 甲狀腺 營養門診 體重管理 肝炎追蹤,彰化縣二林鎮,泌尿科,休息中/未營業,中正路138號1樓已打烊,04 887 3335,2026-09-28 04:27
林內兒科診所,彰化縣二林鎮,泌尿科,未知,光復路175號04 888 2379,,2026-09-28 04:27
合濟診所,彰化縣二林鎮,泌尿科,休息中/未營業,中山路二段38號已打烊,04 887 7995,2026-09-28 04:27
儒林物理治療所,彰化縣二林鎮,骨科,未知,二溪路二段2號04 895 8999,,2026-09-28 04:27
二林新臨國術館,彰化縣二林鎮,骨科,營業中,中南巷21號營業中,04 896 3173,2026-09-28 04:27
林全一骨科診所,彰化縣二林鎮,骨科,休息中/未營業,彰水路二段515號已打烊,04 768 5715,2026-09-28 04:27
二林基督教醫院急診,彰化縣二林鎮,骨科,未知,大成路一段558號24 小時營業,,2026-09-28 04:27
杏一醫療用品二林彰基店,彰化縣二林鎮,骨科,營業中,大成路一段535號營業中,04 896 8775,2026-09-28 04:27
維康醫療用品(彰基二林店),彰化縣二林鎮,骨科,營業中,大成路一段558號1號 醫院二林分院樓 彰 基營業中,04 895 6410,2026-09-28 04:27
蘇外婦產科診所,彰化縣二林鎮,婦產科,休息中/未營業,彰水路三段567號已打烊,04 892 2170,2026-09-28 04:27
崇仁外婦產科診所,彰化縣二林鎮,婦產科,營業中,文化街42號營業中,04 897 2197,2026-09-28 04:27
林立明婦幼診所,彰化縣二林鎮,婦產科,休息中/未營業,中山路一段333號已打烊,04 888 3823,2026-09-28 04:27
"愛民衛材股份有限公司（I-Ming Sanitary Materials Co., Ltd.）",彰化縣二林鎮,醫學美容,營業中,梅芳里中科二林大道二段68號營業中,,2026-09-28 04:27
武昌園整復所,彰化縣二林鎮,醫學美容,休息中/未營業,挖仔路9-18號已打烊,,2026-09-28 04:27
二林臨床醫學化驗所,彰化縣二林鎮,醫學美容,未知,斗苑路四段714號,,2026-09-28 04:27
艾絲柏美學診所,彰化縣二林鎮,醫學美容,未知,明泉街138號4 樓,,2026-09-28 04:27
Y.H SALON二林美髮沙龍/歌薇髮洸繚專門店/二林燙髮/二林染髮/二林護髮/洗髮/剪髮/頭皮,彰化縣二林鎮,醫學美容,營業中,建興街59巷8號營業中,,2026-09-28 04:27
FA LU XIN Hair Salon • 彰化二林美髮,彰化縣二林鎮,美容,營業中,自強街110號營業中,,2026-09-28 04:27
臻woman岩盤浴美容spa館,彰化縣二林鎮,美容,營業中,二溪路一段50號營業中,,2026-09-28 04:27
黎莎Hair ｜彰化二林美髮｜燙髮｜染髮,彰化縣二林鎮,美容,營業中,儒林路二段299號營業中,,2026-09-28 04:27
貴馥女子美容,彰化縣二林鎮,美容,營業中,二溪路一段38巷33號營業中,,2026-09-28 04:27
秝蓁美髮,彰化縣二林鎮,美容,營業中,中山路240巷39號營業中,,2026-09-28 04:27
N.C pretty 二林美睫美容除毛,彰化縣二林鎮,美容,營業中,儒林路二段416號2樓營業中,,2026-09-28 04:27
建元醫院,彰化縣田中鎮,醫美,營業中,中南路三段512號營業中,04 874 3747,2026-09-28 04:27
新生診所,彰化縣田中鎮,醫美,休息中/未營業,新生街132號已打烊,04 876 2268,2026-09-28 04:27
Devi黛葳生醫概念Spa美學,彰化縣田中鎮,醫美,營業中,中山街403號營業中,04 876 3360,2026-09-28 04:27
游柏勳診所,彰化縣田中鎮,醫美,休息中/未營業,員集路二段387號已打烊,04 875 5757,2026-09-28 04:27
艾登美精緻美容精緻養生館,彰化縣田中鎮,醫美,營業中,福安路106號營業中,0930 787 548,2026-09-28 04:27
H美學｜暖暖放鬆・臉部保養・草本暖舒,彰化縣田中鎮,醫美,營業中,福安路333巷2號營業中,0909 626 657,2026-09-28 04:27
聖欣診所,彰化縣田中鎮,醫美,休息中/未營業,中正路415號已打烊,04 875 3706,2026-09-28 04:27
葉孋美學生活館｜霧眉霧唇｜新秘美睫｜粉刺痘痘｜問題斑點｜睫毛管理教學,彰化縣田中鎮,醫美,休息中/未營業,南北街102號已打烊,04 875 7222,2026-09-28 04:27
水潔美甲美睫,彰化縣田中鎮,醫美,營業中,東閔路二段259之16號營業中,0971 235 778,2026-09-28 04:27
綵瀅SPA美容館,彰化縣田中鎮,醫美,營業中,員集路二段622號營業中,04 876 3867,2026-09-28 04:27
田中仁和醫院｜秀傳醫療體系｜南彰化緊急醫療責任醫院,彰化縣田中鎮,醫美,未知,中州路一段157號24 小時營業,04 874 2108,2026-09-28 04:27
俐與美瑜珈(田中一館),彰化縣田中鎮,醫美,休息中/未營業,中正路518號4F已打烊,0952 075 501,2026-09-28 04:27
煥妍美醫診所,彰化縣田中鎮,醫美,休息中/未營業,大同路一段285巷72號已打烊,04 831 0925,2026-09-28 04:27
沛彩美療生活館養生SPA（許雅惠）,彰化縣田中鎮,醫美,營業中,員集路一段775號營業中,04 871 1366,2026-09-28 04:27
漫步美學SPA 負離子輕盈按摩 、身心靈芳療、問題肌調理,彰化縣田中鎮,醫美,未知,清水岩路271號2樓0934 153 057,,2026-09-28 04:27
華生醫美聯合診所,彰化縣田中鎮,醫美,休息中/未營業,育英路88-89號已打烊,04 835 3910,2026-09-28 04:27
鞋職&醫美,彰化縣田中鎮,醫美,營業中,地政路530號營業中,,2026-09-28 04:27
朵菈美學概念spa,彰化縣田中鎮,美學,營業中,中正路648號營業中,,2026-09-28 04:27
耀美學 Beauty only | 小V臉 | SPA | 預約制，請先加LINE：@298dzlio,彰化縣田中鎮,美學,營業中,員集路二段300號營業中,,2026-09-28 04:27
心時尚美學Heart studio美甲/美睫/霧眉/霧唇/撥筋/耳燭頭肩頸Spa,彰化縣田中鎮,美學,營業中,員集路二段420號營業中,,2026-09-28 04:27
聊遇美學➰YT Beauty Studio｜預約制,彰化縣田中鎮,美學,營業中,中州路一段311號營業中,,2026-09-28 04:27
蒔一美學‧美甲,彰化縣田中鎮,美學,營業中,文化街121號營業中,,2026-09-28 04:27
妡時尚美學,彰化縣田中鎮,美學,未知,斗中路一段333號,,2026-09-28 04:27
心時尚美學,彰化縣田中鎮,美學,未知,斗中路一段333號,,2026-09-28 04:27
好漾肌膚美學館,彰化縣田中鎮,美學,營業中,新生街150巷20弄16號4樓營業中,,2026-09-28 04:27
雅菲時尚美甲美學,彰化縣田中鎮,美學,營業中,中正路225號營業中,,2026-09-28 04:27
蘿菈時尚美學,彰化縣田中鎮,美學,營業中,中南路二段592號營業中,,2026-09-28 04:27
瑜光美學,彰化縣田中鎮,美學,未知,公館路臨2號,,2026-09-28 04:27
水妍美學 田中店,彰化縣田中鎮,美學,未知,中山街137號,,2026-09-28 04:27
JE美睫美學/露思美學SPA,彰化縣田中鎮,美學,未知,中州路二段484號,,2026-09-28 04:27
巧寓悠然筋絡坊&枂沫美學,彰化縣田中鎮,美學,營業中,復興路688號營業中,,2026-09-28 04:27
Coco田中美甲/清粉刺·肌膚管理,彰化縣田中鎮,肌膚管理,未知,新生街101號,,2026-09-28 04:27
彩顏專業美容護膚,彰化縣田中鎮,肌膚管理,未知,中新一街73號,,2026-09-28 04:27
彤妍SPA館,彰化縣田中鎮,肌膚管理,營業中,鎮政街22號營業中,,2026-09-28 04:27
翡常梅肌膚管理｜北斗無痛清粉刺｜痘痘｜敏感｜斑點｜凹洞｜黑眼圈｜ 淡斑｜保養｜做臉｜臉部舒壓｜男士保養｜彰化北斗,彰化縣田中鎮,肌膚管理,休息中/未營業,文子巷20之2號已打烊,,2026-09-28 04:27
伊人時尚美容（詠溱身心靈美容）,彰化縣田中鎮,肌膚管理,營業中,福安路310巷25號營業中,,2026-09-28 04:27
林錦成診所,彰化縣田中鎮,皮膚科,休息中/未營業,中州路一段180號已打烊,04 874 9563,2026-09-28 04:27
謝進國佑家聯合診所,彰化縣田中鎮,皮膚科,休息中/未營業,南北街193號已打烊,04 876 1710,2026-09-28 04:27
佳宜皮膚科診所,彰化縣田中鎮,皮膚科,休息中/未營業,中華路103號已打烊,04 888 6615,2026-09-28 04:27
玉樹診所,彰化縣田中鎮,皮膚科,休息中/未營業,員集路二段557號已打烊,04 874 8258,2026-09-28 04:27
黃信義聯合診所,彰化縣田中鎮,皮膚科,休息中/未營業,員集路二段298號已打烊,04 874 9567,2026-09-28 04:27
中英診所,彰化縣田中鎮,皮膚科,休息中/未營業,員集路二段342號已打烊,04 876 2021,2026-09-28 04:27
公園診所,彰化縣田中鎮,皮膚科,休息中/未營業,新福路57號已打烊,04 875 2200,2026-09-28 04:27
家禾診所,彰化縣田中鎮,皮膚科,休息中/未營業,中州路一段242號已打烊,04 874 2475,2026-09-28 04:27
周武昌診所,彰化縣田中鎮,皮膚科,休息中/未營業,新生街126號已打烊,04 875 3625,2026-09-28 04:27
世華藥局,彰化縣田中鎮,皮膚科,休息中/未營業,民族街13號已打烊,04 875 2965,2026-09-28 04:27
陳宏志小兒科診所,彰化縣田中鎮,皮膚科,休息中/未營業,新福路53巷10號已打烊,04 874 0330,2026-09-28 04:27
向日葵診所,彰化縣田中鎮,皮膚科,休息中/未營業,清水岩路406-1號已打烊,04 872 6289,2026-09-28 04:27
陽明眼科診所,彰化縣田中鎮,皮膚科,休息中/未營業,福安路76號已打烊,04 875 5400,2026-09-28 04:27
田安診所,彰化縣田中鎮,整形外科,未知,福安路250號04 875 7733,,2026-09-28 04:27
外科部,彰化縣田中鎮,整形外科,未知,中州路一段157號04 874 2108,,2026-09-28 04:27
里仁診所洗腎中心,彰化縣田中鎮,診所,未知,公館路283號2 樓04 875 5097,,2026-09-28 04:27
里仁診所附設護理之家,彰化縣田中鎮,診所,營業中,公館路283號營業中,04 876 2036,2026-09-28 04:27
田中,彰化縣田中鎮,診所,未知,彰化縣田中鎮,,2026-09-28 04:27
神經內科,彰化縣田中鎮,泌尿科,未知,中州路一段157號04 874 2108,,2026-09-28 04:27
愛心物理治療所（彰化全自費醫事機構）,彰化縣田中鎮,骨科,休息中/未營業,中山街287巷18號1樓已打烊,04 874 1630,2026-09-28 04:27
東岳整復所,彰化縣田中鎮,骨科,休息中/未營業,永和街12號已打烊,04 874 7384,2026-09-28 04:27
慕目睫構空間 Most Lashes studio,彰化縣田中鎮,醫學美容,營業中,中新一街89號營業中,0916 579 623,2026-09-28 04:27
國際美妝美材精品百貨 美容美髮保養品 材料工具 有機保健食品用品 批發零售團購,彰化縣田中鎮,醫學美容,營業中,中州路一段283號營業中,04 875 1002,2026-09-28 04:27
CHING_晴美學 妝感霧眉/熱蠟除毛/無創淡色/睫毛管理,彰化縣田中鎮,醫學美容,未知,員集路二段293號0931 564 338,,2026-09-28 04:27
名美髮廊-新娘秘書麻依,彰化縣田中鎮,美容,營業中,中路街9號營業中,,2026-09-28 04:27
薇思雅 美甲美体,彰化縣田中鎮,美容,營業中,中路街25號營業中,,2026-09-28 04:27
艾媄時尚髮藝,彰化縣田中鎮,美容,營業中,中州路一段333號營業中,,2026-09-28 04:27
羽宣美髮工作室,彰化縣田中鎮,美容,營業中,復興路760號營業中,,2026-09-28 04:27
可瑞莎美髮美容造型店,彰化縣田中鎮,美容,休息中/未營業,新生街136號已打烊,,2026-09-28 04:27
C&S美髮工作室,彰化縣田中鎮,美容,營業中,民族街14號營業中,,2026-09-28 04:27
挵頭張(髮廊),彰化縣田中鎮,美容,營業中,中州路一段186號營業中,,2026-09-28 04:27
福安紓壓館,彰化縣田中鎮,美容,營業中,"50號, No. 50福安路營業中",,2026-09-28 04:27
尚嶶美容美體,彰化縣田中鎮,美容,未知,福安路70號,,2026-09-28 04:27
昱橙足體養生會館,彰化縣田中鎮,美容,休息中/未營業,中路街80號已打烊,,2026-09-28 04:27
容自在養生館,彰化縣田中鎮,美容,未知,東閔路二段498號24 小時營業,,2026-09-28 04:27
沐沐寵物美容,彰化縣田中鎮,美容,休息中/未營業,南北街223號已打烊,,2026-09-28 04:27
MeiNails美甲美睫,彰化縣田中鎮,美容,營業中,中興街50號營業中,,2026-09-28 04:27
蝦皮店到店-田中文化智取店,彰化縣田中鎮,皮膚管理,未知,文化街1號,,2026-09-28 04:27
屈臣氏Watsons 新田中門市,彰化縣田中鎮,皮膚管理,營業中,中州路一段152號營業中,04 874 7540,2026-09-28 04:27
POYA寶雅 田中中州店,彰化縣田中鎮,皮膚管理,營業中,中州路一段123號營業中,04 875 2266,2026-09-28 04:27
田中福倫藥局｜男性保健｜女性保養｜電台指定店｜衛生所｜慢性處方籤｜員林田中二水社頭｜員基｜員榮｜成人尿布奶粉｜補充營養｜nhà thuốc｜farmasi｜ร้านขายยา,彰化縣田中鎮,皮膚管理,營業中,斗中路一段33號營業中,04 875 8818,2026-09-28 04:27
I.Mei美學館｜彰化社頭•美•心•靈,彰化縣田中鎮,皮膚管理,營業中,忠義路677號營業中,0931 930 672,2026-09-28 04:27
全家田中正中,彰化縣田中鎮,皮膚管理,未知,中路街75巷62號24 小時營業,04 874 0030,2026-09-28 04:27
顏。續｜韓國皮膚管理,彰化縣田中鎮,皮膚管理,營業中,中山路二段186號營業中,,2026-09-28 04:27
MOOi LiFE STUDiO 高端韓式皮膚管理,彰化縣田中鎮,皮膚管理,休息中/未營業,溝皂一街30號已打烊,,2026-09-28 04:27
初光美學,彰化縣田中鎮,皮膚管理,營業中,地政路476號營業中,0958 738 785,2026-09-28 04:27
大樹連鎖藥局-田中新生店,彰化縣田中鎮,皮膚管理,營業中,新生街150巷2號營業中,04 876 1988,2026-09-28 04:27
MENARD FACIAL SALON-北斗暖漾店,彰化縣田中鎮,皮膚管理,營業中,中正路55號營業中,04 888 7151,2026-09-28 04:27
采風醫美-員基皮膚管理中心,彰化縣田中鎮,皮膚管理,營業中,莒光路470號營業中,04 839 3968,2026-09-28 04:27
唯啱. 肌膚美學,彰化縣北斗鎮,醫美,營業中,光復路528巷5號營業中,,2026-09-28 04:27
芊薈美學館 ｜北斗 除毛。臉部保養。深層按摩,彰化縣北斗鎮,醫美,營業中,興農路二段535號營業中,,2026-09-28 04:27
薇薇美顏沙龍SPA館,彰化縣北斗鎮,醫美,營業中,光仁街100號營業中,,2026-09-28 04:27
玳西美學苑,彰化縣北斗鎮,醫美,未知,斗中路786號,,2026-09-28 04:27
法朵美妍美體 北斗店,彰化縣北斗鎮,醫美,營業中,三民街75號營業中,,2026-09-28 04:27
CH studio 手作美學,彰化縣北斗鎮,醫美,營業中,三民街14號營業中,,2026-09-28 04:27
北斗玩美空間美髮美學,彰化縣北斗鎮,醫美,休息中/未營業,地政路123-20號已打烊,,2026-09-28 04:27
祤十玥x禾昀玥 SPA Beauty 北斗店,彰化縣北斗鎮,醫美,營業中,光華街75號營業中,,2026-09-28 04:27
北斗台全診所,彰化縣北斗鎮,醫美,休息中/未營業,光復路197號已打烊,,2026-09-28 04:27
奇士美(屈臣氏北斗店),彰化縣北斗鎮,醫美,營業中,中華路261號1-5F營業中,,2026-09-28 04:27
姿妳生化科技股份有限公司,彰化縣北斗鎮,醫美,營業中,河濱街32號營業中,,2026-09-28 04:27
Ai Duola 艾朵拉美學（預約制）,彰化縣北斗鎮,醫美,營業中,"號 No, No. 105中正路營業中",,2026-09-28 04:27
晞皙美學 | Xi.Xi.studio,彰化縣北斗鎮,美學,未知,地政路366號24 小時營業,,2026-09-28 04:27
岩植美學spa,彰化縣北斗鎮,美學,營業中,中華路238號營業中,,2026-09-28 04:27
Miss’G 眉睫美學/美睫/美甲/熱蠟美肌/霧眉,彰化縣北斗鎮,美學,營業中,民族路151號營業中,,2026-09-28 04:27
BW美學館 預約制工作室 紋繡｜肌膚管理｜中式體雕,彰化縣北斗鎮,美學,未知,光復路346巷185號,,2026-09-28 04:27
沐慕美學館,彰化縣北斗鎮,美學,營業中,復興路107號營業中,,2026-09-28 04:27
Ms.u nail 美學,彰化縣北斗鎮,美學,營業中,民族路151-1號營業中,,2026-09-28 04:27
YEN BEAUTY 妍美學 - 霧眉｜新中式美睫｜男女熱蠟,彰化縣北斗鎮,美學,營業中,中寮三路營業中,,2026-09-28 04:27
森林美學概念沙龍,彰化縣北斗鎮,美學,未知,文苑路一段181巷60號,,2026-09-28 04:27
煜媄時尚美學｜豪豪新秘｜婚禮造型｜活動妝髮｜韓式霧眉｜點斑點痣（彰化北斗）,彰化縣北斗鎮,美學,營業中,斗中路538號營業中,,2026-09-28 04:27
榛水 慢美學,彰化縣北斗鎮,美學,營業中,舜耕路45號營業中,,2026-09-28 04:27
琳家美學SPA,彰化縣北斗鎮,美學,營業中,復興路2號2樓營業中,,2026-09-28 04:27
朵朵美容美學工作室,彰化縣北斗鎮,美學,營業中,地政路147號1樓營業中,,2026-09-28 04:27
維納詩｜水韻美學 — 美甲 美睫 脫毛 美容 新秘 紋繡 創業輔導,彰化縣北斗鎮,美學,未知,中興街281號,,2026-09-28 04:27
甯水療spa美學-越式洗髮|皮膚管理|精油暖罐SPA美胸SPA保養|皮膚管理,彰化縣北斗鎮,美學,未知,斗苑路一段311號,,2026-09-28 04:27
風彩SPA美學,彰化縣北斗鎮,美學,營業中,舜苑街223號營業中,,2026-09-28 04:27
妍臻 美睫/霧眉/內眼線/粉刺痘痘/痣/斑護理/新娘秘書,彰化縣北斗鎮,美學,營業中,中山路二段277號營業中,,2026-09-28 04:27
Zora Nail若拉美甲美學,彰化縣北斗鎮,美學,營業中,中正路80-1號營業中,,2026-09-28 04:27
泰莎莎美學Tesasa_nail,彰化縣北斗鎮,美學,休息中/未營業,斗苑路一段102號4樓已打烊,,2026-09-28 04:27
菲妃眉睫藝術工作室/造型設計,彰化縣北斗鎮,美學,未知,地政路345號,,2026-09-28 04:27
詩威特北斗店-北斗粉刺清潔|斑點淡化|皮膚管理|推薦護膚|做臉推薦|無痛清粉刺|臉部保養|清粉刺,彰化縣北斗鎮,肌膚管理,營業中,地政路371號營業中,,2026-09-28 04:27
佐登妮絲專業SPA_彰化北斗店,彰化縣北斗鎮,肌膚管理,營業中,中正路215號1樓營業中,,2026-09-28 04:27
Mei-美の工坊（日韓LED光固美睫）,彰化縣北斗鎮,肌膚管理,營業中,文苑路一段23號營業中,,2026-09-28 04:27
SINYUE美甲店－美甲｜角蛋白｜指甲彩繪｜私密處除毛｜夜間除毛－限女性歡迎來電預約,彰化縣北斗鎮,肌膚管理,營業中,斗苑路一段220號營業中,,2026-09-28 04:27
Zoya｜皮膚管理/粉嫩技術｜,彰化縣北斗鎮,肌膚管理,營業中,中山路四段455巷14號2F營業中,,2026-09-28 04:27
謝建輝骨科外科診所,彰化縣北斗鎮,整形外科,休息中/未營業,中正路140號已打烊,04 888 5202,2026-09-28 04:27
安泰診所,彰化縣北斗鎮,整形外科,休息中/未營業,三民街2之7號已打烊,04 888 5977,2026-09-28 04:27
福全診所,彰化縣北斗鎮,整形外科,休息中/未營業,中華路244號已打烊,04 888 5333,2026-09-28 04:27
陳建達診所,彰化縣北斗鎮,整形外科,休息中/未營業,中正路153號已打烊,04 887 7228,2026-09-28 04:27
卓綜合醫院,彰化縣北斗鎮,整形外科,休息中/未營業,中山路一段311號已打烊,04 888 2995,2026-09-28 04:27
蔡瑞聰耳鼻喉科診所,彰化縣北斗鎮,整形外科,休息中/未營業,中華路197號已打烊,04 887 5577,2026-09-28 04:27
成大陳世哲診所【感冒耳鼻喉、三高慢性病】,彰化縣北斗鎮,整形外科,休息中/未營業,中正路68號已打烊,04 887 7688,2026-09-28 04:27
沈婦產科診所,彰化縣北斗鎮,整形外科,休息中/未營業,中正路185號已打烊,04 887 0310,2026-09-28 04:27
林樹頭內兒科診所,彰化縣北斗鎮,整形外科,休息中/未營業,斗苑路一段243號已打烊,04 887 3811,2026-09-28 04:27
幼恩小兒科,彰化縣北斗鎮,整形外科,休息中/未營業,中華路245號已打烊,04 878 1819,2026-09-28 04:27
邱錫熊診所,彰化縣北斗鎮,診所,休息中/未營業,光復路141號已打烊,04 887 1239,2026-09-28 04:27
張巍耀耳鼻喉科診所,彰化縣北斗鎮,診所,休息中/未營業,中華路226號已打烊,04 887 7628,2026-09-28 04:27
艾寶貝小兒科診所,彰化縣北斗鎮,診所,休息中/未營業,中華路250號已打烊,04 887 6633,2026-09-28 04:27
彰化縣北斗鎮衛生所,彰化縣北斗鎮,診所,休息中/未營業,復興路270 號已打烊,04 888 2059,2026-09-28 04:27
景福眼科診所,彰化縣北斗鎮,診所,休息中/未營業,文子巷4-2號已打烊,04 888 7098,2026-09-28 04:27
北斗社區心理衛生中心,彰化縣北斗鎮,診所,未知,地政路406巷17號04 887 2751,,2026-09-28 04:27
楊筱君眼科診所,彰化縣北斗鎮,診所,休息中/未營業,斗苑路一段15號已打烊,04 887 2929,2026-09-28 04:27
北斗銓德國術館,彰化縣北斗鎮,醫學美容,休息中/未營業,斗苑路一段312號已打烊,,2026-09-28 04:27
北斗美式按摩孕婦按摩Spa,彰化縣北斗鎮,醫學美容,未知,文苑路二段79巷61號,,2026-09-28 04:27
心圓工作室,彰化縣北斗鎮,醫學美容,營業中,復興路506號營業中,,2026-09-28 04:27
比漾生活美學房,彰化縣北斗鎮,醫學美容,未知,521台灣彰化縣北斗鎮文苑路二段文苑路二段89巷,,2026-09-28 04:27
覓偲沙龍 MISI HAIR SALON,彰化縣北斗鎮,美容,營業中,復興路二號一樓營業中,,2026-09-28 04:27
遇見 Meet / 北斗遇見（北斗燙染推薦/北斗剪髮推薦/結構護/專業頭皮養護）,彰化縣北斗鎮,美容,休息中/未營業,光復路202號已打烊,,2026-09-28 04:27
姿采髮工坊,彰化縣北斗鎮,美容,營業中,光復路310巷10號營業中,,2026-09-28 04:27
LiLi髮藝放鬆頭皮Spa｜舒壓洗髮｜,彰化縣北斗鎮,美容,營業中,元市街66號營業中,,2026-09-28 04:27
巨影髮型美容（北斗店）,彰化縣北斗鎮,美容,營業中,斗苑路一段372號營業中,,2026-09-28 04:27
髮拉利洗剪燙舒壓按摩,彰化縣北斗鎮,美容,休息中/未營業,地政路321號已打烊,,2026-09-28 04:27
柔玥療癒室｜精油油壓・專業采耳・溫柔掏耳・療癒耳燭,彰化縣北斗鎮,美容,未知,文苑東路106號3F,,2026-09-28 04:27
N9 造型沙龍（北斗店）,彰化縣北斗鎮,美容,營業中,地政路413號營業中,,2026-09-28 04:27
EE伊伊 北斗美髮推薦/北斗洗髮推薦/北斗剪髮推薦/北斗燙髮推薦/北斗染髮推薦/北斗接髮推薦/北斗護髮推薦,彰化縣北斗鎮,美容,未知,中華路227號2樓,,2026-09-28 04:27
M-Garden髮廊,彰化縣北斗鎮,美容,營業中,地政路378號營業中,,2026-09-28 04:27
沐沐髮學,彰化縣北斗鎮,美容,營業中,斗苑路一段158號營業中,,2026-09-28 04:27
雅頓髮型北斗店,彰化縣北斗鎮,美容,營業中,斗苑路一段421號營業中,,2026-09-28 04:27
仟苙工作室,彰化縣北斗鎮,美容,營業中,地政路476號1樓營業中,,2026-09-28 04:27
美生美美容美體spa館,彰化縣北斗鎮,美容,營業中,光中路130號營業中,,2026-09-28 04:27
雅筑國際美容,彰化縣北斗鎮,美容,營業中,光復路346巷191號營業中,,2026-09-28 04:27
V salon｜美甲｜美睫｜皮膚管理｜除毛｜霧眉｜服飾,彰化縣北斗鎮,皮膚管理,營業中,復興路508號營業中,,2026-09-28 04:27
夏悦越式洗髮｜越式洗頭｜頭部SPA｜採耳按摩｜全身指油壓｜草本溫罐舒壓｜cp值高,彰化縣北斗鎮,皮膚管理,營業中,中山路一段298-3號營業中,,2026-09-28 04:27
屈臣氏 北斗門市,彰化縣北斗鎮,皮膚管理,營業中,中華路261號營業中,,2026-09-28 04:27
芊芊肌膚美學,彰化縣花壇鄉,醫美,營業中,中山路二段330號1樓營業中,0903 221 456,2026-09-28 04:27
德亮診所,彰化縣花壇鄉,醫美,休息中/未營業,中山路一段409號已打烊,04 786 5645,2026-09-28 04:27
仁佑診所,彰化縣花壇鄉,醫美,休息中/未營業,忠孝街100號已打烊,04 787 8555,2026-09-28 04:27
蕙美髮沙龍,彰化縣花壇鄉,醫美,營業中,花秀路28號營業中,04 788 3005,2026-09-28 04:27
天祐診所,彰化縣花壇鄉,醫美,休息中/未營業,花壇街112號1樓已打烊,04 788 3678,2026-09-28 04:27
沛蓁國際紋綉學院,彰化縣花壇鄉,醫美,營業中,中山路一段240號營業中,0971 288 365,2026-09-28 04:27
東森自然美花壇店,彰化縣花壇鄉,醫美,營業中,中山路一段408號營業中,04 786 0573,2026-09-28 04:27
元莊診所,彰化縣花壇鄉,醫美,休息中/未營業,花壇街185號已打烊,04 786 2358,2026-09-28 04:27
志元診所,彰化縣花壇鄉,醫美,休息中/未營業,中正路118號已打烊,04 787 8892,2026-09-28 04:27
大生診所,彰化縣花壇鄉,醫美,休息中/未營業,中正路已打烊,04 787 5686,2026-09-28 04:27
蔡俊榕(春天)診所,彰化縣花壇鄉,醫美,休息中/未營業,中山路二段26號28號 503已打烊,04 786 9602,2026-09-28 04:27
彰化花壇美容/Double jing水菁菁美顏SPA工作室/臉部撥筋小V臉/耳燭頭部撥筋放鬆/暖宮保養/肚燭除濕/美胸UP護理/手工全臉深層清粉刺/淋巴排毒瘦身代謝排汗/精油身體按摩SPA,彰化縣花壇鄉,醫美,營業中,廣西巷12號1F營業中,0970 086 981,2026-09-28 04:27
星和愛漂亮 彰化員林光明店 - 手工粉刺速淨丨聲波保濕導入丨鑽白光感多肽酸丨膠原瑩潤精華導入丨煥顏肌活離子導入丨客製修眉,彰化縣花壇鄉,醫美,休息中/未營業,光明街258號已打烊,04 835 1328,2026-09-28 04:27
陳建宏皮膚科診所,彰化縣花壇鄉,醫美,休息中/未營業,曉陽路246號已打烊,04 726 1808,2026-09-28 04:27
李永在皮膚科診所,彰化縣花壇鄉,醫美,休息中/未營業,大同路一段285巷50號已打烊,04 835 5638,2026-09-28 04:27
娜 美學 ｜彰化霧眉｜彰化美睫,彰化縣花壇鄉,美學,營業中,番花路176號營業中,,2026-09-28 04:27
愛瑞兒美學,彰化縣花壇鄉,美學,營業中,彰員路三段443號營業中,,2026-09-28 04:27
水舞動瑜珈Spa芳療美學,彰化縣花壇鄉,美學,營業中,中正路53號503營業中,,2026-09-28 04:27
安式美學,彰化縣花壇鄉,美學,未知,中正路51號,,2026-09-28 04:27
左撇子美學 Left-handed Aesthetics,彰化縣花壇鄉,美學,休息中/未營業,中山路二段571之3號2 樓已打烊,,2026-09-28 04:27
星辰美學,彰化縣花壇鄉,美學,營業中,宏宅街9號營業中,,2026-09-28 04:27
炫燃時尚美學（彰化做臉/做臉清粉刺/做臉推薦/采耳/陶耳/暖薑溫罐/喚泌育髮泌髮奇蹟 ),彰化縣花壇鄉,美學,營業中,忠孝街169巷臨15號營業中,,2026-09-28 04:27
Anan美學工作室,彰化縣花壇鄉,美學,未知,彰員路二段263號,,2026-09-28 04:27
奈奈美學（美甲/穿戴甲/熱能舒壓）,彰化縣花壇鄉,美學,營業中,櫻花路1巷12號營業中,,2026-09-28 04:27
炘安美學_彰化霧眉,彰化縣花壇鄉,美學,營業中,大埔路642號營業中,,2026-09-28 04:27
星妍美容,彰化縣花壇鄉,美學,未知,學前路218號,,2026-09-28 04:27
雨霏美學工作室,彰化縣花壇鄉,美學,休息中/未營業,後厝二巷41弄24號已打烊,,2026-09-28 04:27
宸禧生活美學 ChangeJoy - My CJ Life,彰化縣花壇鄉,美學,未知,仁愛街32號,,2026-09-28 04:27
MUMU SKIN沐沐淨肌,彰化縣花壇鄉,肌膚管理,營業中,中山路一段451號營業中,,2026-09-28 04:27
ARIEL Studio｜花壇彰化 肌膚管理,彰化縣花壇鄉,肌膚管理,營業中,彰員路三段443號營業中,,2026-09-28 04:27
晶華越式洗髮spa,彰化縣花壇鄉,肌膚管理,未知,中山路一段365號24 小時營業,0968 955 589,2026-09-28 04:27
Meet Joy 肌膚管理,彰化縣花壇鄉,肌膚管理,營業中,中山路二段302之6號營業中,04 852 5028,2026-09-28 04:27
禪園經絡美容養生（撥筋）,彰化縣花壇鄉,肌膚管理,營業中,彰員路三段215號機車行隔壁2F營業中,0919 090 122,2026-09-28 04:27
瑩美容美體工作室,彰化縣花壇鄉,肌膚管理,營業中,學前路250號營業中,0919 813 109,2026-09-28 04:27
玲禎男女剪燙,彰化縣花壇鄉,肌膚管理,營業中,明德街408號營業中,0918 688 787,2026-09-28 04:27
花妍療語spa｜臉部護膚 ｜芳香按摩｜孕婦spa｜雕塑頭療｜熱蠟除毛｜凝膠美甲｜手足保養｜私密保養｜課程教學｜心靈療癒｜水晶,彰化縣花壇鄉,肌膚管理,營業中,雲長路132號營業中,0939 060 809,2026-09-28 04:27
Cathy’s beauty studio 肌膚管理。個人工作室,彰化縣花壇鄉,肌膚管理,營業中,茄苳路二段131巷8號營業中,,2026-09-28 04:27
MJ肌膚管理美學/員林做臉/員林清粉刺/員林霧眉/男士做臉/員林新秘/員林熱蠟/員林美容,彰化縣花壇鄉,肌膚管理,未知,光明南街62號0952 965 262,,2026-09-28 04:27
夏沐妍皮膚管理中心（彰化員林店）,彰化縣花壇鄉,肌膚管理,休息中/未營業,新生路392號已打烊,04 839 7780,2026-09-28 04:27
璦美妍肌膚管理中心,彰化縣花壇鄉,肌膚管理,營業中,橋愛七街79號營業中,0975 585 827,2026-09-28 04:27
沐涵SPA MuHan肌膚管理SPA館,彰化縣花壇鄉,肌膚管理,營業中,龍富街60號營業中,0987 333 919,2026-09-28 04:27
現代皮膚科診所,彰化縣花壇鄉,皮膚科,休息中/未營業,曉陽路52號已打烊,04 723 0580,2026-09-28 04:27
黃慶宗皮膚科診所,彰化縣花壇鄉,皮膚科,休息中/未營業,和平路116號已打烊,04 722 2727,2026-09-28 04:27
白沙診所,彰化縣花壇鄉,皮膚科,休息中/未營業,彰員路三段40號已打烊,04 788 2388,2026-09-28 04:27
王文政皮膚科診所,彰化縣花壇鄉,皮膚科,休息中/未營業,民族路437號已打烊,04 729 1616,2026-09-28 04:27
豐綺皮膚科診所,彰化縣花壇鄉,皮膚科,休息中/未營業,進德路7號已打烊,04 728 6699,2026-09-28 04:27
張啓杉皮膚科,彰化縣花壇鄉,皮膚科,休息中/未營業,三民路268號已打烊,04 728 3807,2026-09-28 04:27
陳裕文耳鼻喉科診所,彰化縣花壇鄉,皮膚科,營業中,中正路166號即將打烊：12:30,04 787 9009,2026-09-28 04:27
蝦皮店到店 彰化花壇店,彰化縣花壇鄉,皮膚科,營業中,花壇街96號1樓營業中,02 6636 6559,2026-09-28 04:27
龍安診所,彰化縣花壇鄉,皮膚科,休息中/未營業,學前路242號已打烊,04 786 0151,2026-09-28 04:27
佑美診所,彰化縣花壇鄉,皮膚科,休息中/未營業,彰水路二段358號已打烊,04 769 8282,2026-09-28 04:27
朱有仁診所,彰化縣花壇鄉,皮膚科,未知,彰化縣彰化市長興街134號04 724 8268,,2026-09-28 04:27
林文乙診所,彰化縣花壇鄉,皮膚科,休息中/未營業,曉陽路209號已打烊,04 728 0826,2026-09-28 04:27
林沙滿診所,彰化縣花壇鄉,皮膚科,休息中/未營業,民生路333號已打烊,,2026-09-28 04:27
彰化基督教醫療財團法人彰化基督教醫院,彰化縣花壇鄉,皮膚科,未知,南校街135號24 小時營業,04 723 8595,2026-09-28 04:27
張允藍小兒科診所(京銘聯合門診),彰化縣花壇鄉,皮膚科,營業中,永安街165號營業中,04 726 3838,2026-09-28 04:27
洪眼科診所,彰化縣花壇鄉,皮膚科,休息中/未營業,中正路346號已打烊,04 786 2053,2026-09-28 04:27
顏外科婦產科診所,彰化縣花壇鄉,整形外科,休息中/未營業,永靖街185號已打烊,04 822 8222,2026-09-28 04:27
陳志誠外科診所 (大腸直腸肛門專科)微創雷射痔瘡手術 內痔結紮手術 肛門瘻管 肛門膿瘍 肛裂 舒眠胃鏡大腸鏡檢查 診所斜對面有收費停車場,彰化縣花壇鄉,整形外科,休息中/未營業,曉陽路58號已打烊,04 723 6586,2026-09-28 04:27
花壇鄉衛生所,彰化縣花壇鄉,診所,休息中/未營業,中正路11號已打烊,04 706 2908,2026-09-28 04:27
永歆診所,彰化縣花壇鄉,診所,未知,中正路355號2樓,,2026-09-28 04:27
愛民診所,彰化縣花壇鄉,診所,未知,中正路323號04 786 3558,,2026-09-28 04:27
承紘醫事檢驗所,彰化縣花壇鄉,診所,休息中/未營業,中山路二段78號已打烊,04 787 6139,2026-09-28 04:27
惠旭順氣中心,彰化縣花壇鄉,診所,未知,灣東路191巷85弄臨11號,,2026-09-28 04:27
聖美麗健康管理顧問有限公司《彰化唯一評鑒甲等-顧問服務機構》服務擴及北中南,彰化縣花壇鄉,診所,營業中,溪北街91號1樓營業中,0985 506 638,2026-09-28 04:27
洪泳泉診所,彰化縣花壇鄉,泌尿科,休息中/未營業,中山路一段356號已打烊,04 711 2600,2026-09-28 04:27
【孫楨文診所】糖尿病專科 | 一般內科 | 甲狀腺專科 | 高血脂高血壓膽固醇 | 小兒科內分泌科 | 過敏性鼻炎,彰化縣花壇鄉,泌尿科,休息中/未營業,華山路142號已打烊,04 724 0178,2026-09-28 04:27
華國樹骨科診所,彰化縣花壇鄉,骨科,休息中/未營業,"號 No. 598, 延平路已打烊",04 713 8383,2026-09-28 04:27
莊金山接骨所,彰化縣花壇鄉,骨科,休息中/未營業,彰60鄉道9號502已打烊,049 252 2047,2026-09-28 04:27
廖慶龍骨科診所,彰化縣花壇鄉,骨科,休息中/未營業,中正路一段452號已打烊,04 728 2142,2026-09-28 04:27
陳彥名骨科診所,彰化縣花壇鄉,骨科,休息中/未營業,彰南路一段82號已打烊,04 738 0295,2026-09-28 04:27
黃紀源診所,彰化縣花壇鄉,骨科,休息中/未營業,中山路二段250號已打烊,04 761 8238,2026-09-28 04:27
胡仲行診所,彰化縣花壇鄉,骨科,休息中/未營業,民族路522號已打烊,04 728 6262,2026-09-28 04:27
林鹿津外骨科診所,彰化縣花壇鄉,骨科,休息中/未營業,民生路383號已打烊,04 722 8538,2026-09-28 04:27
吳如凱骨科診所,彰化縣花壇鄉,骨科,休息中/未營業,三民路387號已打烊,04 720 1066,2026-09-28 04:27
彰化秀傳醫院 黃士維院長 | 微創機器人手術權威 微創手術 消化道疝氣專家|秀傳醫療體系,彰化縣花壇鄉,骨科,休息中/未營業,南平街61巷51號9樓已打烊,04 722 0133,2026-09-28 04:27
明堂診所,彰化縣花壇鄉,骨科,休息中/未營業,彰水路31之4號已打烊,04 751 4783,2026-09-28 04:27
秀傳運動醫學中心,彰化縣花壇鄉,骨科,營業中,南平街61巷6號4樓營業中,04 711 7441,2026-09-28 04:27
宏仁復健器材有限公司,彰化縣花壇鄉,骨科,營業中,中山路二段294之20號營業中,04 787 2001,2026-09-28 04:27
周志誠婦產科診所,彰化縣花壇鄉,婦產科,休息中/未營業,中華路261號已打烊,04 722 9229,2026-09-28 04:27
李伯儀外婦科診所,彰化縣花壇鄉,婦產科,休息中/未營業,長壽街170號已打烊,04 722 2066,2026-09-28 04:27
謝元杰婦產科診所,彰化縣花壇鄉,婦產科,休息中/未營業,"樓號, No. 79號2彰新路一段已打烊",04 733 0679,2026-09-28 04:27
婦產部,彰化縣花壇鄉,婦產科,未知,彰化縣花壇鄉,,2026-09-28 04:27
蕭弘智婦產科診所,彰化縣花壇鄉,婦產科,休息中/未營業,中山路二段114號已打烊,04 835 7571,2026-09-28 04:27
彰化基督教醫療財團法人漢銘基督教醫院,彰化縣花壇鄉,婦產科,未知,中山路一段366號24 小時營業,04 711 3456,2026-09-28 04:27
妮婕爾專業美容,彰化縣花壇鄉,醫學美容,未知,彰員路二段119號,,2026-09-28 04:27
妮婕爾國際美容花壇店,彰化縣花壇鄉,醫學美容,未知,中正路54號04 787 8889,,2026-09-28 04:27
春生中西藥局花壇店-花壇藥師健保特約藥局|藥膳中藥房|養生茶包|奶粉尿布|藥物諮詢|老人保健品諮詢|健保連續處方箋|醫學美容保養品,彰化縣花壇鄉,醫學美容,營業中,中正路57-1號營業中,04 786 7715,2026-09-28 04:27
美型學院-花壇頭皮護理|染髮推薦|男女剪髮|專業染髮|男士燙髮|挑染推薦|燙髮推薦|在地推薦美髮,彰化縣花壇鄉,醫學美容,休息中/未營業,花壇街278號已打烊,04 786 9281,2026-09-28 04:27
復禾居家物理治療所,彰化縣花壇鄉,醫學美容,營業中,成功街184巷10號營業中,,2026-09-28 04:27
正億堂國術館,彰化縣花壇鄉,醫學美容,未知,彰員路二段522號0977 196 260,,2026-09-28 04:27
春生接骨所,彰化縣花壇鄉,醫學美容,未知,花橋街267號,,2026-09-28 04:27
可以居推拿整復,彰化縣花壇鄉,醫學美容,未知,中春路331巷8號,,2026-09-28 04:27
善欣生活醫療用品,彰化縣花壇鄉,醫學美容,未知,光明路77號04 706 2973,,2026-09-28 04:27
星玥光越式洗髮男女SPA按摩館,彰化縣花壇鄉,美容,營業中,中山路一段7-26號營業中,,2026-09-28 04:27
理想剪髮型工作室,彰化縣花壇鄉,美容,營業中,仁愛街34號營業中,,2026-09-28 04:27
YuraYuraHair-萊恩旺髮,彰化縣花壇鄉,美容,營業中,忠孝街169巷臨21號營業中,,2026-09-28 04:27
髮香Hair Salon,彰化縣花壇鄉,美容,營業中,溪南街29號營業中,,2026-09-28 04:27
彰化花壇Mirror米蘿沙龍,彰化縣花壇鄉,美容,營業中,平和街9號營業中,,2026-09-28 04:27
歐潔精緻汽車美容(花壇店),彰化縣花壇鄉,美容,營業中,中山路二段197號營業中,,2026-09-28 04:27
挪威髮藝,彰化縣花壇鄉,美容,營業中,成功街162號營業中,,2026-09-28 04:27
療癒の室,彰化縣花壇鄉,美容,未知,大厝巷86號,,2026-09-28 04:27
玩美髮型,彰化縣花壇鄉,美容,營業中,學府路98號營業中,,2026-09-28 04:27
卡絲歐美容美髮,彰化縣花壇鄉,美容,營業中,光明路79巷13號營業中,,2026-09-28 04:27
Fy 髮型沙龍,彰化縣花壇鄉,美容,營業中,中正路58巷3號營業中,,2026-09-28 04:27
花世界Spa時尚會館,彰化縣花壇鄉,美容,營業中,中山路一段249號營業中,,2026-09-28 04:27
玉蓉工作室,彰化縣花壇鄉,美容,營業中,花橋街25巷7號營業中,,2026-09-28 04:27
Laiyi 萊伊美容美體工作室,彰化縣花壇鄉,美容,營業中,彰員路一段216號營業中,,2026-09-28 04:27
小玉工作室,彰化縣花壇鄉,美容,營業中,虎山街291巷12弄7號營業中,,2026-09-28 04:27
貝真髮型 彰化花壇旗艦店,彰化縣花壇鄉,美容,營業中,光明路45號營業中,,2026-09-28 04:27
POYA寶雅 彰化花壇店,彰化縣花壇鄉,皮膚管理,營業中,中正路57-2號營業中,04 786 0808,2026-09-28 04:27
KISSME奇士美(屈臣氏花壇店),彰化縣花壇鄉,皮膚管理,營業中,中正路176號營業中,04 787 0827,2026-09-28 04:27
RBL彰化曉陽店,彰化縣花壇鄉,皮膚管理,營業中,曉陽路5號營業中,04 728 1520,2026-09-28 04:27
安佐美學工作室Shine.beeangel/彰化霧眉/美睫/睫毛嫁接/皮膚管理/粉刺清潔/臉部撥筋/熱蠟美肌毛髮管理/熱蠟除毛,彰化縣花壇鄉,皮膚管理,營業中,介壽北路108巷1弄21-2號營業中,0987 451 998,2026-09-28 04:27
唯美美容坊,彰化縣秀水鄉,醫美,營業中,彰水路一段33號營業中,,2026-09-28 04:27
秀水彰化師大臉部保養美容坊,彰化縣秀水鄉,醫美,營業中,福安村長美巷14號營業中,,2026-09-28 04:27
13Nails 熱蠟除毛 霧眉 美甲,彰化縣秀水鄉,醫美,休息中/未營業,秀中街87-15號已打烊,,2026-09-28 04:27
蕓菲·秘境spa,彰化縣秀水鄉,醫美,營業中,18號營業中,,2026-09-28 04:27
艾珈思美學館,彰化縣秀水鄉,醫美,營業中,中山路162-1號營業中,,2026-09-28 04:27
艾美絲美髮沙龍,彰化縣秀水鄉,醫美,營業中,秀中街87-6號營業中,,2026-09-28 04:27
緯凱工業有限公司｜彰化塑膠射出模具開發｜醫療耗材、美妝噴頭零組件,彰化縣秀水鄉,醫美,休息中/未營業,民生街426巷23號已打烊,,2026-09-28 04:27
宗生診所,彰化縣秀水鄉,醫美,休息中/未營業,彰水路二段195號已打烊,,2026-09-28 04:27
寶雅 彰化秀水店,彰化縣秀水鄉,醫美,營業中,彰水路二段677號營業中,,2026-09-28 04:27
康是美 秀水門市,彰化縣秀水鄉,醫美,營業中,彰水路二段739號營業中,,2026-09-28 04:27
英麟醫事檢驗所,彰化縣秀水鄉,醫美,營業中,彰水路二段406號營業中,,2026-09-28 04:27
BQ美麗智慧SPA _ 彰化館 l臉部保養l筋膜舒壓l美胸護理l雕塑瘦身l理療保養I排毒排酸I熱蠟除毛l孕媽咪spa,彰化縣秀水鄉,醫美,營業中,雲長路136號營業中,,2026-09-28 04:27
NIAN 念美學工作室,彰化縣秀水鄉,美學,營業中,中山路410-2號營業中,,2026-09-28 04:27
鈺指尖SPA美學秀水店,彰化縣秀水鄉,美學,營業中,中山路523號營業中,,2026-09-28 04:27
宸芯美學 • 𝐂𝐇𝐄𝐍𝐗𝐈𝐍,彰化縣秀水鄉,美學,營業中,番花路398號營業中,,2026-09-28 04:27
棠淩藝術美學/霧眉/霧唇/顆粒線條眉/角蛋白/新娘秘書,彰化縣秀水鄉,美學,營業中,彰水路二段149號營業中,,2026-09-28 04:27
Alice愛麗絲美學,彰化縣秀水鄉,美學,營業中,三越街營業中,,2026-09-28 04:27
Sun日式美學,彰化縣秀水鄉,美學,營業中,金陵村民生街490號營業中,,2026-09-28 04:27
恬忻美學｜秀水美睫 美睫嫁接 熱蠟美肌 福興美睫 秀水熱蠟,彰化縣秀水鄉,美學,休息中/未營業,外埔巷9之45號已打烊,,2026-09-28 04:27
珊の二次方美學,彰化縣秀水鄉,美學,營業中,彰馬路117號營業中,,2026-09-28 04:27
純粹美學美甲霧眉工作室,彰化縣秀水鄉,美學,營業中,彰化縣秀水鄉,,2026-09-28 04:27
蓉妍美學,彰化縣秀水鄉,美學,營業中,彰水路112號營業中,,2026-09-28 04:27
澄境美學 • 越式洗髮 • 油壓spa,彰化縣秀水鄉,美學,休息中/未營業,彰草路492號已打烊,,2026-09-28 04:27
葳締美學weidi eyebrow｜彰化霧眉｜韓式半永久霧眉｜妝感霧眉｜紋繡｜彰化紋繡推薦｜新娘秘書｜角蛋白美睫｜員林霧眉｜台中霧眉｜彰化新秘｜彰化和美鹿港,彰化縣秀水鄉,美學,未知,中正路二段680-4號24 小時營業,,2026-09-28 04:27
波妮絲美學BERNICE BEAUTY,彰化縣秀水鄉,美學,未知,茄苳路二段131巷23-3號,,2026-09-28 04:27
蕎伊絲幸福美學spa（清痘做臉、經絡芳療spa、教學）,彰化縣秀水鄉,美學,營業中,大智路一段61-6號營業中,,2026-09-28 04:27
Beauty forever 依然美美學 (韓式柔絲眉／顆粒絨霧眉／蜜桃柔霧唇／隱形眼線／韓式皮膚保養),彰化縣秀水鄉,美學,營業中,番社街2-3號營業中,,2026-09-28 04:27
CHIANJR芊芷時尚美學,彰化縣秀水鄉,美學,營業中,吉祥街17號1樓營業中,,2026-09-28 04:27
GinaSMP紋髮｜刺青｜美學,彰化縣秀水鄉,美學,未知,南興街121巷25弄48-8號2樓24 小時營業,,2026-09-28 04:27
克麗緹娜秀水中山店,彰化縣秀水鄉,肌膚管理,休息中/未營業,中山路513巷19號已打烊,,2026-09-28 04:27
Oni Beauty 歐膩韓式皮膚管理,彰化縣秀水鄉,肌膚管理,休息中/未營業,彰化縣秀水鄉,,2026-09-28 04:27
漾綵美容工作坊,彰化縣秀水鄉,肌膚管理,營業中,彰水路二段699之5號營業中,,2026-09-28 04:27
丸山診所,彰化縣秀水鄉,皮膚科,休息中/未營業,中山路357號已打烊,04 768 5366,2026-09-28 04:27
蝦皮店到店 秀水彰水 - 智取店,彰化縣秀水鄉,皮膚科,未知,彰水路二段324號1樓24 小時營業,02 6636 6560,2026-09-28 04:27
秀明耳鼻喉科診所,彰化縣秀水鄉,皮膚科,休息中/未營業,彰水路二段533號已打烊,04 768 4550,2026-09-28 04:27
楊鴻振診所,彰化縣秀水鄉,診所,休息中/未營業,彰水路二段661號已打烊,04 768 6060,2026-09-28 04:27
秀農診所,彰化縣秀水鄉,診所,未知,中山路328號04 768 8213,,2026-09-28 04:27
宜馨家醫科診所,彰化縣秀水鄉,診所,休息中/未營業,彰水路二段218號已打烊,04 768 3066,2026-09-28 04:27
鄭永煌耳鼻喉科診所,彰化縣秀水鄉,診所,休息中/未營業,彰水路二段452號已打烊,04 768 1191,2026-09-28 04:27
聯和診所,彰化縣秀水鄉,診所,未知,民意街90號04 769 2805,,2026-09-28 04:27
秀水鄉衛生所(搬遷至秀水老人文康中心),彰化縣秀水鄉,診所,休息中/未營業,中山路99號已打烊,04 769 3001,2026-09-28 04:27
親子診所,彰化縣秀水鄉,診所,未知,彰水路二段320號04 769 6241,,2026-09-28 04:27
維康診所,彰化縣秀水鄉,診所,未知,彰水路二段649號,,2026-09-28 04:27
德昌診所,彰化縣秀水鄉,診所,休息中/未營業,彰水路71-4號已打烊,04 763 2456,2026-09-28 04:27
金鑫日照中心(勁慶健康事業股份有限公司附設彰化縣私立金鑫社區長照機構),彰化縣秀水鄉,診所,營業中,中山路439號營業中,04 768 7103,2026-09-28 04:27
吉原診所,彰化縣秀水鄉,診所,營業中,中華西路266號營業中,04 762 7522,2026-09-28 04:27
博元婦產科暨人工生殖試管嬰兒中心,彰化縣秀水鄉,婦產科,休息中/未營業,中正路一段392號已打烊,04 726 0678,2026-09-28 04:27
迎杏福婦產科診所,彰化縣秀水鄉,婦產科,休息中/未營業,中央路48號已打烊,04 751 6666,2026-09-28 04:27
秀傳紀念醫院 總院 | 中西醫整合 |癌症中心 |高階健檢 |達文西手術,彰化縣秀水鄉,婦產科,未知,中山路一段542號24 小時營業,04 725 6166,2026-09-28 04:27
曹外婦產科診所,彰化縣秀水鄉,婦產科,未知,福鎮街15號04 723 1028,,2026-09-28 04:27
成美醫院附產後護理之家,彰化縣秀水鄉,婦產科,未知,三民路56號8樓04 726 8825#8000,,2026-09-28 04:27
婦產小兒科,彰化縣秀水鄉,婦產科,未知,彰化縣秀水鄉,,2026-09-28 04:27
彰化基督教醫院附設華仁愛產後護理之家,彰化縣秀水鄉,婦產科,營業中,建寶街20號5到7樓營業中,04 700 8520,2026-09-28 04:27
心森活芳香能量空間,彰化縣秀水鄉,醫學美容,未知,大厝巷88弄10號04 768 2508,,2026-09-28 04:27
英佳醫療用品行,彰化縣秀水鄉,醫學美容,營業中,彰馬街21之5號營業中,0953 619 437,2026-09-28 04:27
Bodygreen健康科技,彰化縣秀水鄉,醫學美容,營業中,安溪街76巷40號營業中,080 089 5899,2026-09-28 04:27
德國SONAX 汽車美容教室,彰化縣秀水鄉,醫學美容,營業中,彰水路二段102巷64之1號營業中,04 769 1999,2026-09-28 04:27
彩靖專業汽車美容（彩靖水電工程行）,彰化縣秀水鄉,醫學美容,營業中,彰水路一段715號營業中,0985 678 345,2026-09-28 04:27
TAIYEN台鹽生技秀水店,彰化縣秀水鄉,醫學美容,營業中,彰水路二段479號營業中,04 769 2215,2026-09-28 04:27
水玲瓏男女美容名店,彰化縣秀水鄉,美容,未知,彰水路一段678之3號24 小時營業,,2026-09-28 04:27
婕の專業挽臉,彰化縣秀水鄉,美容,營業中,張厝巷臨2號營業中,,2026-09-28 04:27
柒玥美睫,彰化縣秀水鄉,美容,未知,埔鹿街72號2樓24 小時營業,,2026-09-28 04:27
Luli的工坊（越式洗髮、修指甲、美體、美容）,彰化縣秀水鄉,美容,營業中,馬鳴路425巷15號營業中,,2026-09-28 04:27
愛不飾手小屋-睫毛嫁接/新式挽臉/日韓飾品(彰化/秀水美睫),彰化縣秀水鄉,美容,營業中,文化街15巷20弄10號營業中,,2026-09-28 04:27
志尚經穴按摩養身館,彰化縣秀水鄉,美容,營業中,彰水路一段27號營業中,,2026-09-28 04:27
彰化縣秀水鄉彰水路一段9巷33號,彰化縣秀水鄉,美容,未知,彰水路一段9巷20弄33號,,2026-09-28 04:27
艾爽,彰化縣秀水鄉,美容,未知,村西巷18-20號,,2026-09-28 04:27
卓越按摩院,彰化縣秀水鄉,美容,未知,村民生街441號,,2026-09-28 04:27
屈臣氏Watsons 秀水門市,彰化縣秀水鄉,美容,營業中,彰水路二段682號之 3營業中,,2026-09-28 04:27
秀水 功夫男仕理髮,彰化縣秀水鄉,美容,營業中,彰水路二段534號營業中,,2026-09-28 04:27
泰鎷鋰,彰化縣秀水鄉,美容,營業中,彰水路一段759號營業中,,2026-09-28 04:27
蝦皮店到店 秀水埔崙 - 智取店,彰化縣秀水鄉,皮膚管理,未知,彰水路一段883號,,2026-09-28 04:27
絜心美學．員林永靖熱蠟除毛、男士除毛、孕婦產前專業除毛、VLB熱蠟教學、美胸按摩,彰化縣永靖鄉,醫美,營業中,瑚璉路97號營業中,0989 022 398,2026-09-28 04:27
中妘Chung un 華納經絡美顏工作室-永靖,彰化縣永靖鄉,醫美,營業中,開明路182號營業中,0970 679 377,2026-09-28 04:27
小娟做臉|造型髮廊|美容微雕|漢方理療|西元1992年創立,彰化縣永靖鄉,醫美,未知,中山路二段455巷1號0921 380 126,,2026-09-28 04:27
文華診所,彰化縣永靖鄉,醫美,休息中/未營業,瑚璉路167巷6號已打烊,04 823 3216,2026-09-28 04:27
宏元診所,彰化縣永靖鄉,醫美,休息中/未營業,永和巷25號已打烊,04 823 9420,2026-09-28 04:27
吉祥診所,彰化縣永靖鄉,醫美,休息中/未營業,永靖街155號已打烊,04 823 9881,2026-09-28 04:27
江鎮仰,彰化縣永靖鄉,醫美,營業中,獨鰲路二段270 巷 18 號營業中,0933 520 708,2026-09-28 04:27
瑚璉診所,彰化縣永靖鄉,醫美,休息中/未營業,瑚璉路243號已打烊,04 822 6566,2026-09-28 04:27
邱內兒科診所,彰化縣永靖鄉,醫美,休息中/未營業,東門路235號已打烊,04 822 5915,2026-09-28 04:27
誠恩耳鼻喉科診所,彰化縣永靖鄉,醫美,休息中/未營業,瑚璉路306號已打烊,04 823 8282,2026-09-28 04:27
彰化縣永靖鄉衛生所,彰化縣永靖鄉,醫美,營業中,西興路91號營業中,04 706 0269,2026-09-28 04:27
百復專業照護公司,彰化縣永靖鄉,醫美,未知,彰化縣永靖鄉,,2026-09-28 04:27
怡美理髮店,彰化縣永靖鄉,醫美,未知,永福路一段572號04 822 2753,,2026-09-28 04:27
瀀嫺美學｜按摩 美容｜社頭 田中 田尾 永靖 埔心 ｜,彰化縣永靖鄉,醫美,未知,社斗路一段19巷66弄32號暫時關閉,0987 412 719,2026-09-28 04:27
屈臣氏Watsons 永靖門市,彰化縣永靖鄉,醫美,營業中,瑚璉路187號營業中,04 823 4849,2026-09-28 04:27
萊諾健身 GymRhino,彰化縣永靖鄉,醫美,營業中,中山路三段193號營業中,04 823 3342,2026-09-28 04:27
永茗藥局,彰化縣永靖鄉,醫美,營業中,東門路198號營業中,04 824 2721,2026-09-28 04:27
大樹連鎖藥局-永靖瑚璉店,彰化縣永靖鄉,醫美,營業中,瑚璉路116號營業中,04 823 0220,2026-09-28 04:27
詹藥局,彰化縣永靖鄉,醫美,營業中,浮圳路433號營業中,04 822 5691,2026-09-28 04:27
YV美學概念-新秘｜美容｜美甲｜紋繡｜彩妝｜手足保養,彰化縣永靖鄉,美學,營業中,瑚璉路15號營業中,,2026-09-28 04:27
微光美學Lumi Beauty,彰化縣永靖鄉,美學,未知,中山路二段167巷21號,,2026-09-28 04:27
Hannah美甲美學,彰化縣永靖鄉,美學,未知,永安街155號,,2026-09-28 04:27
芯 • 美學工作室｜美髮｜美睫（預約制）,彰化縣永靖鄉,美學,營業中,永久路臨238號營業中,,2026-09-28 04:27
吉賽兒美學 奢華美睫｜熱蠟美肌｜卡麗斯💎,彰化縣永靖鄉,美學,營業中,永東村永寧街2號營業中,,2026-09-28 04:27
筑登美容SPA館,彰化縣永靖鄉,美學,未知,永寧街37號,,2026-09-28 04:27
絲飛媚美髮 美甲 美學,彰化縣永靖鄉,美學,營業中,永興路三段35號營業中,,2026-09-28 04:27
溫蒂美睫美妍館,彰化縣永靖鄉,美學,營業中,永靖街88號營業中,,2026-09-28 04:27
Blythe半永久化妝美學/韓式3D燙睫,彰化縣永靖鄉,美學,未知,永西路137巷40弄8號,,2026-09-28 04:27
凱蒂美創工作室 KATY BEAUTY,彰化縣永靖鄉,美學,未知,永寧街88號,,2026-09-28 04:27
鹿鹿美學沙龍-刺青|紋繡|美容|美睫|霧唇|按摩,彰化縣永靖鄉,美學,營業中,彰化縣永靖鄉,,2026-09-28 04:27
煦漾美學｜員林體雕・舒壓暖宮・產後保養・肌膚保養,彰化縣永靖鄉,美學,營業中,永和街10號3樓營業中,,2026-09-28 04:27
米蘭娥眉｜彰化員林飄眉霧眉推薦｜做臉手工清粉｜接睫毛,彰化縣永靖鄉,美學,營業中,錫壽路21號營業中,,2026-09-28 04:27
Jayne婕恩美學工作室｜霧眉｜改眉｜霧唇｜烏唇校正｜角蛋白｜台中霧眉｜台中霧唇（彰化分店）,彰化縣永靖鄉,美學,營業中,同安村西畔巷106號營業中,,2026-09-28 04:27
中妘漢萃保養品一永靖店,彰化縣永靖鄉,肌膚管理,營業中,中山路一段825號營業中,,2026-09-28 04:27
微恩紋藝美容美體,彰化縣永靖鄉,肌膚管理,營業中,東門路營業中,,2026-09-28 04:27
He&She 員林中山店/肌膚管理/無痛清粉刺/地毯式清粉刺/修眉/采耳/美甲,彰化縣永靖鄉,肌膚管理,休息中/未營業,中山路二段85-2號1樓已打烊,,2026-09-28 04:27
姿婷SPA,彰化縣永靖鄉,肌膚管理,營業中,彰化縣永靖鄉,,2026-09-28 04:27
拾光肌Tenlight 員林民族店｜肌膚管理｜日式植萃｜教學｜,彰化縣永靖鄉,肌膚管理,營業中,民族街32號營業中,,2026-09-28 04:27
永聖心診所,彰化縣永靖鄉,診所,未知,永靖街33號04 823 3535,,2026-09-28 04:27
洽成診所,彰化縣永靖鄉,診所,未知,永靖街13號,,2026-09-28 04:27
保安家畜診所,彰化縣永靖鄉,診所,未知,東門路148號04 822 1793,,2026-09-28 04:27
大為診所,彰化縣永靖鄉,診所,營業中,溪畔巷186弄12號營業中,04 822 0009,2026-09-28 04:27
復生堂,彰化縣永靖鄉,診所,未知,瑚璉路167巷21弄3號暫時關閉,0928 385 454,2026-09-28 04:27
員榮醫療社團法人員榮醫院,彰化縣永靖鄉,泌尿科,未知,中正路201號24 小時營業,04 832 6161,2026-09-28 04:27
劉文斌診所,彰化縣永靖鄉,泌尿科,休息中/未營業,育英路88-89號510已打烊,04 834 7608,2026-09-28 04:27
江元煌診所,彰化縣永靖鄉,泌尿科,休息中/未營業,中山路一段759號已打烊,04 833 5363,2026-09-28 04:27
黃崇凱診所,彰化縣永靖鄉,泌尿科,休息中/未營業,中山南路72號已打烊,04 831 8286,2026-09-28 04:27
張天長診所,彰化縣永靖鄉,泌尿科,休息中/未營業,員水路二段482號已打烊,04 832 4479,2026-09-28 04:27
英特診所 | 員林家醫科診所 | 員林減肥門診推薦 | 員林減重診所 | 員林瘦瘦針,彰化縣永靖鄉,泌尿科,休息中/未營業,員林大道五段106號已打烊,04 836 6696,2026-09-28 04:27
林景超診所,彰化縣永靖鄉,泌尿科,休息中/未營業,員鹿路二段124號已打烊,04 829 9082,2026-09-28 04:27
員榮醫療社團法人員榮醫院員生院區,彰化縣永靖鄉,泌尿科,未知,莒光路359號24 小時營業,04 838 3995,2026-09-28 04:27
永昌診所,彰化縣永靖鄉,泌尿科,休息中/未營業,博愛路150號已打烊,04 832 0727,2026-09-28 04:27
彰化員林專業洗腎中心/腎臟科 員林何醫院,彰化縣永靖鄉,泌尿科,營業中,民族街33號7樓營業中,04 833 5384,2026-09-28 04:27
張景仁診所,彰化縣永靖鄉,泌尿科,休息中/未營業,社斗路一段279號已打烊,04 872 5879,2026-09-28 04:27
弘泰診所,彰化縣永靖鄉,泌尿科,休息中/未營業,萬年路二段79號已打烊,04 833 6083,2026-09-28 04:27
盧天恩診所,彰化縣永靖鄉,泌尿科,休息中/未營業,林森路308號已打烊,04 833 9159,2026-09-28 04:27
群健整復所,彰化縣永靖鄉,骨科,休息中/未營業,瑚璉路424號已打烊,0923 332 334,2026-09-28 04:27
金和堂藥房,彰化縣永靖鄉,骨科,營業中,永靖街102號營業中,04 822 1759,2026-09-28 04:27
新莊社區活動中心,彰化縣永靖鄉,骨科,未知,永社路75-1號,,2026-09-28 04:27
統正骨科診所,彰化縣永靖鄉,骨科,休息中/未營業,正興街368號已打烊,04 836 8288,2026-09-28 04:27
博仁骨科診所,彰化縣永靖鄉,骨科,休息中/未營業,莒光路54號已打烊,04 833 3795,2026-09-28 04:27
天倫骨科診所,彰化縣永靖鄉,骨科,休息中/未營業,大同路二段313號已打烊,04 836 2213,2026-09-28 04:27
華生聯合診所復健部,彰化縣永靖鄉,骨科,休息中/未營業,新興街1號已打烊,04 833 0845,2026-09-28 04:27
永呈安國術館,彰化縣永靖鄉,骨科,休息中/未營業,中山路一段10號已打烊,04 822 1631,2026-09-28 04:27
李光耀診所,彰化縣永靖鄉,骨科,休息中/未營業,中山路二段407號已打烊,04 822 1899,2026-09-28 04:27
劉保生中藥房,彰化縣永靖鄉,醫學美容,營業中,開明路183號營業中,04 822 3187,2026-09-28 04:27
鐘山堂接骨所,彰化縣永靖鄉,醫學美容,未知,永安街51號04 822 3225,,2026-09-28 04:27
Floral Pilates,彰化縣永靖鄉,醫學美容,未知,東門路198號,,2026-09-28 04:27
永靖鄉衛生所暨長照衛福大樓,彰化縣永靖鄉,醫學美容,未知,彰化縣永靖鄉,,2026-09-28 04:27
王鐘中藥房,彰化縣永靖鄉,醫學美容,休息中/未營業,永福路一段400號已打烊,04 822 2056,2026-09-28 04:27
amei 永靖美甲工作室,彰化縣永靖鄉,美容,營業中,獨鰲路一段20巷7號營業中,,2026-09-28 04:27
采容極剪派,彰化縣永靖鄉,美容,營業中,瑚璉路180號營業中,,2026-09-28 04:27
貝斯特造型髮藝（頭皮護理專門店.永靖燙染.員林燙染.田尾燙染.埔心燙染.北斗燙染.髮質修護專門店.頭皮SpA負離子脈衝專門店.造髮專門店.電棒燙髮.數位燙髮.手工燙髮.光線設計染·育毛養護專門店,彰化縣永靖鄉,美容,營業中,西門路91號營業中,,2026-09-28 04:27
匠剪 理髮專門店,彰化縣永靖鄉,美容,營業中,永靖街50號營業中,,2026-09-28 04:27
艾登美精緻美容養生館-永靖店,彰化縣永靖鄉,美容,未知,浮圳路693巷8-1號,,2026-09-28 04:27
96汽車美容,彰化縣永靖鄉,美容,營業中,永坡路31號營業中,,2026-09-28 04:27
瓦諾髮藝苑,彰化縣永靖鄉,美容,營業中,中山路一段509號營業中,,2026-09-28 04:27
采姿美髮,彰化縣永靖鄉,美容,營業中,永久路營業中,,2026-09-28 04:27
PY x Nail Art 美甲,彰化縣永靖鄉,美容,營業中,東門路247號營業中,,2026-09-28 04:27
甲上上Hair Design,彰化縣永靖鄉,美容,營業中,新興路12號營業中,,2026-09-28 04:27
STAGE髮藝空間,彰化縣永靖鄉,美容,營業中,永靖街30號營業中,,2026-09-28 04:27
髮顏剪燙紋繡藝術,彰化縣永靖鄉,美容,營業中,永福路一段39號營業中,,2026-09-28 04:27
日常沙龍。Daily hair salon,彰化縣永靖鄉,美容,營業中,水尾路40號營業中,,2026-09-28 04:27
巧登髮廊,彰化縣永靖鄉,美容,營業中,永西路117號營業中,,2026-09-28 04:27
全家便利商店 永靖頂旺店,彰化縣永靖鄉,皮膚管理,未知,永福路一段157號。2樓24 小時營業,04 823 2751,2026-09-28 04:27
康是美永靖門市,彰化縣永靖鄉,皮膚管理,營業中,東門路23號營業中,04 823 6832,2026-09-28 04:27
美的代妍美顏中心｜員林清粉刺推薦｜問題肌膚｜熱蠟美肌,彰化縣永靖鄉,皮膚管理,營業中,中山路153巷3弄22之1號營業中,04 838 1796,2026-09-28 04:27
全聯福利中心 永靖中山,彰化縣永靖鄉,皮膚管理,營業中,永社路291號營業中,04 822 0266,2026-09-28 04:27
佳恩藥局,彰化縣永靖鄉,皮膚管理,營業中,瑚璉路302號營業中,04 823 5753,2026-09-28 04:27
領好生鮮超市,彰化縣永靖鄉,皮膚管理,營業中,永福路一段343號營業中,04 823 8609,2026-09-28 04:27
【Miss young顏究室】皮膚管理｜科技美容｜背部舒壓SPA ｜妝感霧眉 溪州北斗埤頭美容,彰化縣永靖鄉,皮膚管理,營業中,莒光路90號營業中,,2026-09-28 04:27
薇依美學工作室（半永久紋繡/水氧皮膚管理/采耳/銀珠洗眼/美胸保健/熱蠟美肌/美睫教學）,彰化縣永靖鄉,皮膚管理,未知,大成街62-1號0921 159 195,,2026-09-28 04:27
湘沄美學,彰化縣永靖鄉,皮膚管理,營業中,明聖路二段306號營業中,0979 034 489,2026-09-28 04:27
MENARD FACIAL SALON-員林沐光店 | 彰化 員林 專業護膚沙龍 X 美容工作室 #彰化員林美容推薦 #彰化員林沙龍推薦 #做臉 #臉部保養 #保養品 #化妝品,彰化縣永靖鄉,皮膚管理,營業中,大仁南街152號營業中,04 836 9100,2026-09-28 04:27
沐泳吉玥診所,台中市北屯區,醫美,營業中,台中市北屯區,,2026-09-28 04:27
漢蒂妮風尚診所,台中市西區,醫美,營業中,台中市西區,,2026-09-28 04:27
